Year,Player Name,Team,WAR
1900,Cy Young,STL,6.4
1900,Noodles Hahn,CIN,5.3
1900,Deacon Phillippe,PIT,4.2
1900,Ed Scott,CIN,4.1
1900,Bill Dinneen,BSN,4.1
1900,Sam Leever,PIT,4.0
1900,Rube Waddell,PIT,4.0
1900,Ned Garvin,CHI,3.6
1900,Jack Powell,STL,3.5
1900,Al Orth,PHI,3.4
1900,Pink Hawley,NYG,3.1
1900,Bill Carrick,NYG,3.1
1900,Joe McGinnity,BRO,3.1
1900,Jesse Tannehill,PIT,3.1
1900,Jimmy Callahan,CHI,3.1
1900,Clark Griffith,CHI,2.8
1900,Brickyard Kennedy,BRO,2.8
1900,Cowboy Jones,STL,2.6
1900,Jack Taylor,CHI,2.5
1900,Red Donahue,PHI,2.5
1900,Doc Newton,CIN,2.3
1900,Frank Kitson,BRO,2.3
1900,Bill Bernhard,PHI,2.2
1900,Kid Nichols,BSN,2.1
1900,Win Mercer,NYG,1.9
1900,Bill Phillips,CIN,1.9
1900,Jack Chesbro,PIT,1.7
1900,Ted Lewis,BSN,1.5
1900,Chick Fraser,PHI,1.2
1900,Vic Willis,BSN,1.2
1901,Cy Young,BOS,7.8
1901,Noodles Hahn,CIN,6.6
1901,Christy Mathewson,NYG,5.4
1901,Bill Donovan,BRO,4.8
1901,Joe McGinnity,BAL,4.6
1901,Jesse Tannehill,PIT,4.5
1901,Harry Howell,BAL,4.5
1901,Bill Dinneen,BSN,4.2
1901,Eddie Plank,PHA,4.2
1901,Al Orth,PHI,4.1
1901,Vic Willis,BSN,4.0
1901,Jack Chesbro,PIT,4.0
1901,Roscoe Miller,DET,4.0
1901,Kid Nichols,BSN,3.9
1901,Deacon Phillippe,PIT,3.8
1901,Tom Hughes,CHI,3.8
1901,Bill Bernhard,PHA,3.7
1901,Togie Pittinger,BSN,3.6
1901,Roy Patterson,CHW,3.6
1901,Doc White,PHI,3.5
1901,Red Donahue,PHI,3.4
1901,Jack Powell,STL,3.4
1901,Ed Siever,DET,3.4
1901,Rube Waddell,N/A,3.4
1901,Clark Griffith,CHW,3.2
1901,Frank Kitson,BRO,3.1
1901,Casey Patten,WAS,3.0
1901,Bill Phillips,CIN,3.0
1901,Pete Dowling,N/A,2.9
1901,Bill Duggleby,PHI,2.9
1902,Cy Young,BOS,7.7
1902,Rube Waddell,PHA,6.8
1902,Noodles Hahn,CIN,6.3
1902,Vic Willis,BSN,6.2
1902,Deacon Phillippe,PIT,5.3
1902,Bill Dinneen,BOS,5.0
1902,Eddie Plank,PHA,4.9
1902,Doc White,PHI,4.7
1902,Joe McGinnity,N/A,4.5
1902,Jesse Tannehill,PIT,4.1
1902,Togie Pittinger,BSN,3.9
1902,Bill Phillips,CIN,3.9
1902,Christy Mathewson,NYG,3.8
1902,Jack Chesbro,PIT,3.8
1902,Addie Joss,CLE,3.7
1902,Al Orth,WAS,3.6
1902,Bill Donovan,BRO,3.6
1902,Frank Kitson,BRO,3.4
1902,Jack Taylor,CHI,3.3
1902,Jack Powell,SLB,3.2
1902,Bill Bernhard,N/A,3.2
1902,Sam Leever,PIT,3.2
1902,Ed Siever,DET,3.1
1902,Red Donahue,SLB,3.1
1902,Wiley Piatt,CHW,3.1
1902,Casey Patten,WAS,2.8
1902,Jim Hughes,BRO,2.8
1902,Ham Iburg,PHI,2.7
1902,Lewis Wiltse,N/A,2.5
1902,George Mullin,DET,2.5
1903,Rube Waddell,PHA,8.0
1903,Christy Mathewson,NYG,7.5
1903,Noodles Hahn,CIN,6.6
1903,Deacon Phillippe,PIT,5.8
1903,Cy Young,BOS,5.7
1903,Joe McGinnity,NYG,5.5
1903,Eddie Plank,PHA,4.8
1903,Jack Chesbro,NYH,4.6
1903,Ned Garvin,BRO,4.5
1903,Bob Ewing,CIN,4.4
1903,Jesse Tannehill,NYH,4.3
1903,Bill Donovan,DET,4.2
1903,Sam Leever,PIT,4.1
1903,Jack Taylor,CHC,4.0
1903,Earl Moore,CLE,3.9
1903,Addie Joss,CLE,3.9
1903,Bill Dinneen,BOS,3.7
1903,Oscar Jones,BRO,3.4
1903,Vic Willis,BSN,3.4
1903,Tully Sparks,PHI,3.3
1903,George Mullin,DET,3.3
1903,Red Donahue,N/A,3.2
1903,Clark Griffith,NYH,3.2
1903,Jack Powell,SLB,3.1
1903,Bob Wicker,N/A,3.0
1903,Chappie McFarland,STL,3.0
1903,Frank Kitson,DET,2.8
1903,Jack Sutthoff,CIN,2.7
1903,Chief Bender,PHA,2.6
1903,Tom Hughes,BOS,2.5
1904,Rube Waddell,PHA,9.2
1904,Jack Chesbro,NYH,8.5
1904,Cy Young,BOS,7.7
1904,Christy Mathewson,NYG,6.7
1904,Noodles Hahn,CIN,6.1
1904,Kid Nichols,STL,5.4
1904,Eddie Plank,PHA,5.2
1904,Jack Harper,CIN,4.9
1904,Jake Weimer,CHC,4.7
1904,Joe McGinnity,NYG,4.6
1904,Jack Powell,NYH,4.5
1904,Bill Bernhard,CLE,4.2
1904,Bill Dinneen,BOS,4.2
1904,Vic Willis,BSN,4.2
1904,Red Donahue,CLE,3.8
1904,Dummy Taylor,NYG,3.8
1904,Fred Glade,SLB,3.7
1904,Jesse Tannehill,BOS,3.7
1904,Bob Ewing,CIN,3.7
1904,Chief Bender,PHA,3.7
1904,Win Kellum,CIN,3.6
1904,Deacon Phillippe,PIT,3.4
1904,Casey Patten,WAS,3.2
1904,Jack Taylor,STL,3.2
1904,Chappie McFarland,STL,3.2
1904,Harry Howell,SLB,3.0
1904,Sam Leever,PIT,2.9
1904,Earl Moore,CLE,2.9
1904,Buttons Briggs,CHC,2.9
1904,Weldon Henley,PHA,2.8
1905,Cy Young,BOS,8.0
1905,Christy Mathewson,NYG,7.4
1905,Rube Waddell,PHA,7.0
1905,Eddie Plank,PHA,5.7
1905,Irv Young,BSN,5.6
1905,Deacon Phillippe,PIT,5.6
1905,Bob Ewing,CIN,5.5
1905,Jack Chesbro,NYH,5.1
1905,Red Ames,NYG,4.7
1905,Ed Reulbach,CHC,4.4
1905,Al Orth,NYH,4.1
1905,Joe McGinnity,NYG,3.9
1905,Addie Joss,CLE,3.8
1905,Harry Howell,SLB,3.8
1905,Andy Coakley,PHA,3.7
1905,Mordecai Brown,CHC,3.6
1905,Orval Overall,CIN,3.5
1905,George Winter,BOS,3.5
1905,Vic Willis,BSN,3.2
1905,Tom Hughes,WAS,3.2
1905,Frank Owen,CHW,3.1
1905,Fred Glade,SLB,3.0
1905,Togie Pittinger,PHI,3.0
1905,Frank Smith,CHW,2.8
1905,Doc White,CHW,2.8
1905,Charlie Chech,CIN,2.7
1905,Sam Leever,PIT,2.7
1905,Jake Weimer,CHC,2.7
1905,Jesse Tannehill,BOS,2.7
1905,Nick Altrock,CHW,2.6
1906,Al Orth,NYH,6.0
1906,Cy Young,BOS,5.8
1906,Bob Ewing,CIN,5.7
1906,Jack Chesbro,NYH,5.6
1906,Mordecai Brown,CHC,5.3
1906,Irv Young,BSN,4.9
1906,Vic Willis,PIT,4.8
1906,Ed Walsh,CHW,4.7
1906,Rube Waddell,PHA,4.7
1906,Jake Weimer,CIN,4.6
1906,Joe McGinnity,NYG,4.6
1906,Chief Bender,PHA,4.4
1906,Jack Pfiester,CHC,4.4
1906,Addie Joss,CLE,4.0
1906,Hooks Wiltse,NYG,4.0
1906,Harry Howell,SLB,4.0
1906,Tully Sparks,PHI,3.9
1906,Deacon Phillippe,PIT,3.9
1906,Nick Altrock,CHW,3.8
1906,Christy Mathewson,NYG,3.7
1906,Jack Powell,SLB,3.5
1906,Otto Hess,CLE,3.5
1906,Cy Falkenberg,WAS,3.2
1906,Bill Bernhard,CLE,3.2
1906,Red Ames,NYG,3.2
1906,Vive Lindaman,BSN,3.2
1906,Sam Leever,PIT,3.2
1906,Big Jeff Pfeffer,BSN,3.1
1906,Eddie Plank,PHA,3.0
1906,Bob Wicker,N/A,3.0
1907,Christy Mathewson,NYG,6.8
1907,Rube Waddell,PHA,6.2
1907,Cy Young,BOS,5.8
1907,Bob Ewing,CIN,5.6
1907,Ed Walsh,CHW,5.5
1907,Ed Karger,STL,5.1
1907,Addie Joss,CLE,4.7
1907,Eddie Plank,PHA,4.7
1907,Doc White,CHW,4.5
1907,Mordecai Brown,CHC,4.4
1907,Chief Bender,PHA,4.3
1907,Orval Overall,CHC,4.3
1907,Joe McGinnity,NYG,4.2
1907,Charlie Smith,WAS,4.1
1907,Tully Sparks,PHI,4.0
1907,George Mullin,DET,3.9
1907,Frank Corridon,PHI,3.9
1907,Vic Willis,PIT,3.8
1907,Ed Siever,DET,3.5
1907,Nap Rucker,BRO,3.3
1907,Al Orth,NYH,3.2
1907,Andy Coakley,CIN,3.2
1907,Jack Pfiester,CHC,3.1
1907,Jack Chesbro,NYH,3.1
1907,Bill Donovan,DET,3.0
1907,Deacon Phillippe,PIT,3.0
1907,Jimmy Dygert,PHA,3.0
1907,Lefty Leifield,PIT,2.9
1907,George Winter,BOS,2.8
1907,Stoney McGlynn,STL,2.6
1908,Christy Mathewson,NYG,10.8
1908,Ed Walsh,CHW,9.1
1908,Cy Young,BOS,6.4
1908,Addie Joss,CLE,5.8
1908,Mordecai Brown,CHC,5.7
1908,Rube Waddell,SLB,5.6
1908,Rube Vickers,PHA,4.8
1908,Bill Donovan,DET,4.5
1908,Walter Johnson,WAS,4.5
1908,Eddie Plank,PHA,4.5
1908,Hooks Wiltse,NYG,4.3
1908,George McQuillan,PHI,4.3
1908,Orval Overall,CHC,4.1
1908,Vic Willis,PIT,4.0
1908,Bob Ewing,CIN,3.9
1908,Bugs Raymond,STL,3.9
1908,George Mullin,DET,3.8
1908,Nap Rucker,BRO,3.7
1908,Jack Pfiester,CHC,3.6
1908,Tully Sparks,PHI,3.3
1908,Tom Hughes,WAS,3.3
1908,Ed Summers,DET,3.2
1908,Jack Chesbro,NYH,3.2
1908,Glenn Liebhardt,CLE,3.1
1908,Frank Smith,CHW,2.9
1908,Kaiser Wilhelm,BRO,2.9
1908,Harry Howell,SLB,2.8
1908,Jack Powell,SLB,2.8
1908,Billy Campbell,CIN,2.7
1908,Joe Lake,NYH,2.7
1909,Mordecai Brown,CHC,7.3
1909,Christy Mathewson,NYG,6.9
1909,Orval Overall,CHC,6.4
1909,Frank Smith,CHW,5.3
1909,Chief Bender,PHA,5.2
1909,Howie Camnitz,PIT,4.8
1909,Red Ames,NYG,4.4
1909,Heinie Berger,CLE,4.4
1909,Nap Rucker,BRO,4.3
1909,George Mullin,DET,4.1
1909,Ed Summers,DET,3.8
1909,Earl Moore,PHI,3.8
1909,Ed Walsh,CHW,3.7
1909,Rube Waddell,SLB,3.7
1909,Hooks Wiltse,NYG,3.7
1909,Eddie Plank,PHA,3.6
1909,George McQuillan,PHI,3.5
1909,Walter Johnson,WAS,3.5
1909,Joe Lake,NYH,3.5
1909,Addie Joss,CLE,3.4
1909,Al Mattern,BSN,3.3
1909,Cy Young,CLE,3.3
1909,Harry Krause,PHA,3.2
1909,Vic Willis,PIT,3.2
1909,Art Fromme,CIN,3.1
1909,Ed Reulbach,CHC,3.0
1909,Jack Powell,SLB,3.0
1909,Harry Gaspar,CIN,2.8
1909,Bob Ewing,CIN,2.7
1909,Bugs Raymond,NYG,2.7
1910,Walter Johnson,WAS,9.6
1910,Ed Walsh,CHW,8.1
1910,Christy Mathewson,NYG,7.5
1910,Russ Ford,NYH,6.6
1910,Mordecai Brown,CHC,5.6
1910,Jack Coombs,PHA,5.4
1910,Chief Bender,PHA,4.9
1910,Nap Rucker,BRO,4.8
1910,Howie Camnitz,PIT,4.7
1910,Sam Frock,N/A,4.6
1910,Ray Collins,BOS,4.4
1910,Earl Moore,PHI,4.0
1910,Hooks Wiltse,NYG,3.8
1910,Babe Adams,PIT,3.8
1910,George Bell,BRO,3.7
1910,Louis Drucke,NYG,3.7
1910,Joe Lake,SLB,3.6
1910,George Suggs,CIN,3.4
1910,Hippo Vaughn,NYH,3.4
1910,Buster Brown,BSN,3.4
1910,Al Mattern,BSN,3.3
1910,Eddie Plank,PHA,3.3
1910,Joe Wood,BOS,3.2
1910,Jack Quinn,NYH,3.0
1910,Bob Ewing,PHI,3.0
1910,Doc White,CHW,3.0
1910,Cy Falkenberg,CLE,2.8
1910,Cy Young,CLE,2.8
1910,Bill Donovan,DET,2.7
1910,Red Ames,NYG,2.6
1911,Ed Walsh,CHW,7.6
1911,Grover Alexander,PHI,7.2
1911,Christy Mathewson,NYG,6.8
1911,Joe Wood,BOS,6.4
1911,Babe Adams,PIT,6.2
1911,Walter Johnson,WAS,5.9
1911,Russ Ford,NYH,5.4
1911,Rube Marquard,NYG,5.2
1911,Mordecai Brown,CHC,4.7
1911,Red Ames,NYG,4.4
1911,Lefty Leifield,PIT,4.1
1911,Howie Camnitz,PIT,4.0
1911,Nap Rucker,BRO,3.9
1911,Eddie Plank,PHA,3.4
1911,Ray Caldwell,NYH,3.4
1911,Vean Gregg,CLE,3.2
1911,Ray Collins,BOS,3.2
1911,George Suggs,CIN,3.2
1911,Chief Bender,PHA,3.1
1911,Bob Groom,WAS,3.0
1911,Hooks Wiltse,NYG,3.0
1911,Slim Sallee,STL,3.0
1911,Jack Coombs,PHA,2.9
1911,Eddie Cicotte,BOS,2.8
1911,Earl Moore,PHI,2.7
1911,Doc White,CHW,2.7
1911,Ray Fisher,NYH,2.7
1911,Bobby Keefe,CIN,2.7
1911,Joe Lake,SLB,2.7
1911,Elmer Steele,N/A,2.5
1912,Walter Johnson,WAS,9.3
1912,Joe Wood,BOS,7.6
1912,Ed Walsh,CHW,6.7
1912,Christy Mathewson,NYG,6.2
1912,Bob Groom,WAS,5.0
1912,Grover Alexander,PHI,4.9
1912,Rube Marquard,NYG,4.8
1912,Nap Rucker,BRO,4.8
1912,George Suggs,CIN,4.7
1912,Vean Gregg,CLE,4.6
1912,Rube Benton,CIN,4.2
1912,Claude Hendrix,PIT,4.1
1912,Hub Perdue,BSN,3.9
1912,Slim Sallee,STL,3.9
1912,Art Fromme,CIN,3.7
1912,Jack Warhop,NYH,3.7
1912,Larry Cheney,CHC,3.6
1912,Joe Lake,N/A,3.3
1912,Russ Ford,NYH,3.3
1912,Otto Hess,BSN,3.2
1912,Hugh Bedient,BOS,3.1
1912,Red Ames,NYG,3.0
1912,Earl Hamilton,SLB,3.0
1912,Chief Bender,PHA,3.0
1912,Howie Camnitz,PIT,2.9
1912,George McConnell,NYH,2.8
1912,Lefty Tyler,BSN,2.7
1912,Ed Willett,DET,2.7
1912,Hank Robinson,PIT,2.7
1912,Ad Brennan,PHI,2.7
1913,Walter Johnson,WAS,8.5
1913,Grover Alexander,PHI,5.5
1913,Babe Adams,PIT,5.4
1913,Christy Mathewson,NYG,5.3
1913,Cy Falkenberg,CLE,5.1
1913,Rube Marquard,NYG,4.9
1913,Dick Rudolph,BSN,4.7
1913,Lefty Tyler,BSN,4.7
1913,Jim Scott,CHW,4.5
1913,Eddie Plank,PHA,4.4
1913,Nap Rucker,BRO,4.3
1913,Ray Collins,BOS,4.1
1913,Hugh Bedient,BOS,4.1
1913,Tom Seaton,PHI,3.9
1913,Reb Russell,CHW,3.8
1913,Hub Perdue,BSN,3.8
1913,Chief Bender,PHA,3.8
1913,Dutch Leonard,BOS,3.7
1913,Eddie Cicotte,CHW,3.6
1913,Bob Groom,WAS,3.6
1913,Vean Gregg,CLE,3.5
1913,Ad Brennan,PHI,3.5
1913,Larry Cheney,CHC,3.4
1913,Willie Mitchell,CLE,3.4
1913,Pat Ragan,BRO,3.4
1913,Slim Sallee,STL,3.1
1913,Jeff Tesreau,NYG,3.0
1913,Claude Hendrix,PIT,3.0
1913,Carl Weilman,SLB,2.9
1913,Al Demaree,NYG,2.9
1914,Cy Falkenberg,IND,9.0
1914,Walter Johnson,WAS,7.8
1914,Grover Alexander,PHI,7.2
1914,Jack Quinn,BAL,7.2
1914,Dick Rudolph,BSN,6.2
1914,Earl Moseley,IND,5.6
1914,Claude Hendrix,CWH,5.6
1914,George Suggs,BAL,5.5
1914,Bob Groom,SLT,4.7
1914,Dutch Leonard,BOS,4.7
1914,Doc Ayers,WAS,4.5
1914,Hippo Vaughn,CHC,4.5
1914,Joe Benz,CHW,4.4
1914,Bill James,BSN,4.3
1914,Gene Packard,KCP,4.3
1914,Fred Anderson,BUF,4.2
1914,Hooks Dauss,DET,4.2
1914,Babe Adams,PIT,4.1
1914,Tom Seaton,BKF,4.1
1914,Eddie Cicotte,CHW,4.0
1914,Jeff Pfeffer,BRO,3.8
1914,Dave Davenport,N/A,3.7
1914,Russ Ford,BUF,3.7
1914,Nick Cullop,N/A,3.6
1914,Bill Doak,STL,3.4
1914,Carl Weilman,SLB,3.4
1914,Lefty Tyler,BSN,3.4
1914,Erskine Mayer,PHI,3.4
1914,Jeff Tesreau,NYG,3.4
1914,Slim Sallee,STL,3.3
1915,Grover Alexander,PHI,9.6
1915,Dave Davenport,SLT,8.6
1915,Walter Johnson,WAS,8.2
1915,Eddie Plank,SLT,6.5
1915,Dick Rudolph,BSN,5.7
1915,Harry Coveleski,DET,5.2
1915,Jeff Tesreau,NYG,5.1
1915,Willie Mitchell,CLE,5.0
1915,Tom Hughes,BSN,5.0
1915,Guy Morton,CLE,5.0
1915,Bert Gallia,WAS,4.8
1915,Red Faber,CHW,4.8
1915,Doc Crandall,SLT,4.5
1915,Fred Anderson,BUF,4.2
1915,Jim Scott,CHW,4.2
1915,Hooks Dauss,DET,4.2
1915,Ed Reulbach,NWK,4.0
1915,Reb Russell,CHW,4.0
1915,Eddie Cicotte,CHW,4.0
1915,Hippo Vaughn,CHC,3.9
1915,Jack Quinn,BAL,3.9
1915,Doc Ayers,WAS,3.9
1915,Hugh Bedient,BUF,3.7
1915,Phil Douglas,N/A,3.7
1915,Ray Caldwell,NYY,3.7
1915,George Johnson,KCP,3.7
1915,Gene Packard,KCP,3.6
1915,Earl Moseley,NWK,3.6
1915,Ernie Shore,BOS,3.6
1915,Joe Benz,CHW,3.5
1916,Walter Johnson,WAS,8.8
1916,Grover Alexander,PHI,7.4
1916,Reb Russell,CHW,5.2
1916,Al Demaree,PHI,5.2
1916,Dick Rudolph,BSN,4.9
1916,Hippo Vaughn,CHC,4.9
1916,Harry Coveleski,DET,4.8
1916,Eppa Rixey,PHI,4.6
1916,Babe Ruth,BOS,4.5
1916,Jeff Pfeffer,BRO,4.5
1916,Jim Bagby,CLE,4.0
1916,Rube Marquard,BRO,4.0
1916,Dutch Leonard,BOS,4.0
1916,Fred Toney,CIN,3.7
1916,Lefty Williams,CHW,3.5
1916,Bob Shawkey,NYY,3.5
1916,Bullet Joe Bush,PHA,3.3
1916,Harry Harper,WAS,3.1
1916,Stan Coveleski,CLE,3.0
1916,Red Faber,CHW,2.9
1916,Bert Gallia,WAS,2.9
1916,Claude Hendrix,CHC,2.9
1916,Lefty Tyler,BSN,2.8
1916,Nick Cullop,NYY,2.8
1916,Larry Cheney,BRO,2.8
1916,Carl Weilman,SLB,2.8
1916,Eddie Plank,SLB,2.7
1916,Ernie Shore,BOS,2.7
1916,Dave Davenport,SLB,2.7
1916,Red Ames,STL,2.7
1917,Grover Alexander,PHI,9.0
1917,Walter Johnson,WAS,6.7
1917,Eddie Cicotte,CHW,6.6
1917,Hippo Vaughn,CHC,5.5
1917,Stan Coveleski,CLE,5.0
1917,Eppa Rixey,PHI,4.9
1917,Dutch Leonard,BOS,4.6
1917,Wilbur Cooper,PIT,4.3
1917,Fred Toney,CIN,4.3
1917,Jim Bagby,CLE,4.2
1917,Phil Douglas,CHC,4.1
1917,Jesse Barnes,BSN,3.9
1917,Leon Cadore,BRO,3.7
1917,Ed Klepfer,CLE,3.6
1917,Dick Rudolph,BSN,3.3
1917,Rube Marquard,BRO,3.3
1917,Bob Shawkey,NYY,3.3
1917,Ferdie Schupp,NYG,3.3
1917,Babe Ruth,BOS,3.3
1917,Hooks Dauss,DET,3.2
1917,Joe Oeschger,PHI,3.2
1917,Art Nehf,BSN,3.2
1917,Carl Mays,BOS,3.1
1917,Frank Miller,PIT,3.1
1917,Jeff Pfeffer,BRO,3.1
1917,Reb Russell,CHW,3.1
1917,Bob Steele,N/A,2.8
1917,Pete Schneider,CIN,2.7
1917,Willie Mitchell,DET,2.6
1917,Bullet Joe Bush,PHA,2.6
1918,Walter Johnson,WAS,6.5
1918,Eddie Cicotte,CHW,5.6
1918,Hippo Vaughn,CHC,5.2
1918,Stan Coveleski,CLE,5.1
1918,Wilbur Cooper,PIT,4.5
1918,Lefty Tyler,CHC,4.5
1918,Guy Morton,CLE,4.3
1918,Burleigh Grimes,BRO,3.8
1918,Scott Perry,PHA,3.8
1918,Carl Mays,BOS,3.7
1918,Claude Hendrix,CHC,3.7
1918,Jim Bagby,CLE,3.7
1918,Jim Shaw,WAS,3.5
1918,Bullet Joe Bush,BOS,3.4
1918,Hooks Dauss,DET,3.3
1918,Brad Hogg,PHI,3.3
1918,Art Nehf,BSN,3.1
1918,Mike Prendergast,PHI,3.0
1918,Rube Marquard,BRO,2.8
1918,Red Ames,STL,2.7
1918,Pol Perritt,NYG,2.6
1918,George Mogridge,NYY,2.6
1918,Fred Toney,N/A,2.5
1918,Hod Eller,CIN,2.5
1918,Phil Douglas,CHC,2.5
1918,Allen Sothoron,SLB,2.4
1918,Bernie Boland,DET,2.3
1918,Frank Miller,PIT,2.3
1918,Erskine Mayer,N/A,2.3
1918,Bill Doak,STL,2.2
1919,Walter Johnson,WAS,6.8
1919,Stan Coveleski,CLE,6.1
1919,Hippo Vaughn,CHC,5.9
1919,Babe Adams,PIT,5.8
1919,Eddie Cicotte,CHW,5.8
1919,Grover Alexander,CHC,5.4
1919,Lefty Williams,CHW,5.0
1919,Jim Bagby,CLE,4.2
1919,Leon Cadore,BRO,4.2
1919,Jesse Barnes,NYG,4.1
1919,Phil Douglas,N/A,4.1
1919,Hod Eller,CIN,3.9
1919,Jim Shaw,WAS,3.7
1919,Allen Sothoron,SLB,3.7
1919,Jeff Pfeffer,BRO,3.6
1919,Jack Quinn,NYY,3.6
1919,Dick Rudolph,BSN,3.5
1919,Carl Mays,N/A,3.4
1919,Lee Meadows,N/A,3.3
1919,Herb Pennock,BOS,3.3
1919,Bob Shawkey,NYY,3.2
1919,Urban Shocker,SLB,3.2
1919,Rollie Naylor,PHA,2.9
1919,Claude Hendrix,CHC,2.8
1919,Dutch Leonard,DET,2.8
1919,Dickey Kerr,CHW,2.7
1919,Allen Russell,N/A,2.6
1919,Hooks Dauss,DET,2.6
1919,Slim Sallee,CIN,2.5
1919,Wilbur Cooper,PIT,2.5
1920,Stan Coveleski,CLE,6.8
1920,Grover Alexander,CHC,6.5
1920,Wilbur Cooper,PIT,5.6
1920,Eppa Rixey,PHI,5.3
1920,Babe Adams,PIT,5.1
1920,Burleigh Grimes,BRO,5.0
1920,Eddie Cicotte,CHW,4.8
1920,Jim Bagby,CLE,4.8
1920,Red Faber,CHW,4.8
1920,Jack Quinn,NYY,4.6
1920,Bob Shawkey,NYY,3.9
1920,Rube Curry,KCM,3.9
1920,Urban Shocker,SLB,3.8
1920,Hippo Vaughn,CHC,3.8
1920,Rollie Naylor,PHA,3.5
1920,Leon Cadore,BRO,3.5
1920,Art Nehf,NYG,3.5
1920,Ray Caldwell,CLE,3.4
1920,Lefty Williams,CHW,3.4
1920,Carl Mays,NYY,3.4
1920,Lee Meadows,PHI,3.4
1920,Rube Marquard,BRO,3.4
1920,Scott Perry,PHA,3.2
1920,Dicta Johnson,ABC,3.2
1920,José Leblanc,CSW,3.1
1920,Jeff Pfeffer,BRO,3.1
1920,Doc Ayers,DET,3.0
1920,Dickey Kerr,CHW,3.0
1920,Jesse Haines,STL,3.0
1920,George Smith,PHI,2.9
1921,Stan Coveleski,CLE,5.7
1921,Sad Sam Jones,BOS,5.6
1921,Red Faber,CHW,5.5
1921,Burleigh Grimes,BRO,5.4
1921,Wilbur Cooper,PIT,5.2
1921,Waite Hoyt,NYY,5.1
1921,Urban Shocker,SLB,4.7
1921,Carl Mays,NYY,4.5
1921,Walter Johnson,WAS,4.4
1921,Eppa Rixey,CIN,4.4
1921,Grover Alexander,CHC,4.2
1921,George Mogridge,WAS,4.0
1921,Bill Doak,STL,4.0
1921,Bill Drake,SLG,3.9
1921,Jimmy Ring,PHI,3.9
1921,Dave Brown,CAG,3.9
1921,Herb Pennock,BOS,3.7
1921,José Leblanc,CS,3.6
1921,Rube Marquard,CIN,3.5
1921,Dolf Luque,CIN,3.5
1921,Bill Holland,N/A,3.4
1921,Dutch Leonard,DET,3.4
1921,Whitey Glazner,PIT,3.3
1921,Dickey Kerr,CHW,3.3
1921,George Uhle,CLE,3.3
1921,Babe Adams,PIT,3.2
1921,Bullet Rogan,KCM,3.1
1921,Allen Sothoron,N/A,3.0
1921,Bob Shawkey,NYY,3.0
1921,George Smith,PHI,2.9
1922,Urban Shocker,SLB,6.8
1922,Red Faber,CHW,6.7
1922,Wilbur Cooper,PIT,5.3
1922,Eppa Rixey,CIN,4.5
1922,Stan Coveleski,CLE,4.3
1922,Grover Alexander,CHC,4.3
1922,Bullet Rogan,KCM,4.2
1922,Lee Meadows,PHI,4.2
1922,Bob Shawkey,NYY,4.1
1922,George Uhle,CLE,4.1
1922,Johnny Morrison,PIT,4.0
1922,Jack Quinn,BOS,3.8
1922,Babe Adams,PIT,3.8
1922,Elam Vangilder,SLB,3.8
1922,Dazzy Vance,BRO,3.7
1922,Pete Donohue,CIN,3.7
1922,Rube Curry,KCM,3.5
1922,Bill Holland,DS,3.5
1922,Charlie Robertson,CHW,3.5
1922,Dolf Luque,CIN,3.4
1922,Waite Hoyt,NYY,3.4
1922,Jimmy Ring,PHI,3.4
1922,Hooks Dauss,DET,3.3
1922,Herman Pillette,DET,3.3
1922,Walter Johnson,WAS,3.3
1922,Jeff Pfeffer,STL,3.2
1922,Dutch Ruether,BRO,3.1
1922,Vic Aldridge,CHC,3.1
1922,Juan Padrón,CAG,2.9
1922,Whitey Glazner,PIT,2.8
1923,Dolf Luque,CIN,6.7
1923,Urban Shocker,SLB,5.8
1923,Eppa Rixey,CIN,5.8
1923,George Uhle,CLE,5.7
1923,Bullet Rogan,KCM,5.7
1923,Jimmy Ring,PHI,5.5
1923,Dazzy Vance,BRO,5.2
1923,Grover Alexander,CHC,5.1
1923,Hooks Dauss,DET,4.9
1923,Lee Meadows,N/A,4.9
1923,Burleigh Grimes,BRO,4.7
1923,Johnny Morrison,PIT,4.6
1923,Pete Donohue,CIN,4.4
1923,Rube Curry,KCM,4.2
1923,Wilbur Cooper,PIT,4.1
1923,Jack Quinn,BOS,4.1
1923,Red Faber,CHW,4.1
1923,Stan Coveleski,CLE,3.9
1923,Dave Danforth,SLB,3.8
1923,Walter Johnson,WAS,3.7
1923,Jesse Haines,STL,3.7
1923,Bullet Joe Bush,NYY,3.6
1923,Howard Ehmke,BOS,3.6
1923,Ed Rile,CAG,3.3
1923,Herb Pennock,NYY,3.2
1923,Dutch Ruether,BRO,3.2
1923,Elam Vangilder,SLB,3.1
1923,Eddie Rommel,PHA,2.9
1923,Herman Pillette,DET,2.9
1923,Charlie Robertson,CHW,2.9
1924,Dazzy Vance,BRO,7.7
1924,Nip Winters,HIL,7.2
1924,Dave Brown,NLG,6.3
1924,Red Ryan,HIL,5.7
1924,Howard Ehmke,BOS,5.5
1924,Walter Johnson,WAS,4.9
1924,Urban Shocker,SLB,4.7
1924,Herb Pennock,NYY,4.4
1924,Sam Streeter,BBB,4.3
1924,Ray Kremer,PIT,4.1
1924,Sherry Smith,CLE,4.0
1924,Eddie Rommel,PHA,4.0
1924,Wilbur Cooper,PIT,3.9
1924,Joe Shaute,CLE,3.9
1924,Carl Mays,CIN,3.7
1924,Burleigh Grimes,BRO,3.7
1924,Fred Heimach,PHA,3.6
1924,Hal Carlson,PHI,3.6
1924,Eppa Rixey,CIN,3.6
1924,Lee Meadows,PIT,3.5
1924,Stan Coveleski,CLE,3.5
1924,Dolf Luque,CIN,3.4
1924,Rip Collins,DET,3.4
1924,Johnny Morrison,PIT,3.3
1924,Bullet Rogan,KCM,3.2
1924,Jesse Barnes,BSN,3.2
1924,Juan Padrón,CAG,3.0
1924,Waite Hoyt,NYY,3.0
1924,Jack Quinn,BOS,2.9
1924,Rats Henderson,AC,2.9
1925,Bullet Rogan,KCM,8.0
1925,Dazzy Vance,BRO,7.4
1925,Nip Winters,HIL,6.3
1925,Pete Donohue,CIN,6.0
1925,Dolf Luque,CIN,5.7
1925,Nelson Dean,KCM,5.7
1925,Eppa Rixey,CIN,4.7
1925,Andy Cooper,DS,4.6
1925,Juan Padrón,CAG,4.4
1925,Rats Henderson,AC,4.4
1925,Howard Ehmke,BOS,4.2
1925,Herb Pennock,NYY,4.2
1925,Bob McClure,BBS,4.0
1925,Lee Meadows,PIT,4.0
1925,Bill Drake,KCM,3.9
1925,William Bell,KCM,3.9
1925,Phil Cockrell,HIL,3.9
1925,Jimmy Ring,PHI,3.9
1925,Grover Alexander,CHC,3.9
1925,Bill McCall,CAG,3.9
1925,Red Faber,CHW,3.8
1925,Slim Harriss,PHA,3.8
1925,Hal Carlson,PHI,3.8
1925,Walter Johnson,WAS,3.7
1925,Milt Gaston,SLB,3.6
1925,Jack Scott,NYG,3.6
1925,Jack Quinn,N/A,3.5
1925,George Harney,CAG,3.4
1925,Steel Arm Tyler,MRS,3.4
1925,Ping Gardner,HBG,3.4
1926,Lefty Grove,PHA,5.9
1926,George Uhle,CLE,5.7
1926,Hal Carlson,PHI,5.1
1926,Pete Donohue,CIN,4.6
1926,Charlie Root,CHC,4.6
1926,Earl Whitehill,DET,4.5
1926,Carl Mays,CIN,4.4
1926,Herb Pennock,NYY,4.1
1926,Rats Henderson,AC,4.1
1926,Walter Johnson,WAS,4.0
1926,Howard Ehmke,N/A,3.8
1926,Jesse Petty,BRO,3.8
1926,Willie Foster,CAG,3.7
1926,Ray Kremer,PIT,3.7
1926,Claude Grier,AC,3.7
1926,Dazzy Vance,BRO,3.6
1926,Stan Coveleski,WAS,3.6
1926,Waite Hoyt,NYY,3.5
1926,William Bell,KCM,3.5
1926,Tommy Thomas,CHW,3.4
1926,Andy Cooper,DS,3.2
1926,Jack Quinn,PHA,3.1
1926,Flint Rhem,STL,3.1
1926,Lee Meadows,PIT,3.1
1926,Slim Harriss,N/A,3.1
1926,Grover Alexander,N/A,3.1
1926,Red Faber,CHW,3.0
1926,Eddie Rommel,PHA,2.9
1926,Jakie May,CIN,2.8
1926,Ted Lyons,CHW,2.7
1927,Willie Foster,CAG,7.6
1927,Lefty Grove,PHA,6.2
1927,Dazzy Vance,BRO,5.4
1927,William Bell,KCM,5.1
1927,Bullet Rogan,KCM,4.9
1927,Ted Lyons,CHW,4.7
1927,Lee Meadows,PIT,4.7
1927,Luther Farrell,AC,4.4
1927,Ted Trent,SLS,4.3
1927,Jesse Haines,STL,4.1
1927,George Harney,CAG,4.1
1927,Horace Lisenbee,WAS,4.0
1927,George Mitchell,KCM,4.0
1927,Harry Salmon,BBB,3.9
1927,Willis Hudlin,CLE,3.9
1927,Grover Alexander,STL,3.8
1927,Waite Hoyt,NYY,3.8
1927,Willie Powell,CAG,3.8
1927,Jesse Petty,BRO,3.8
1927,Carmen Hill,PIT,3.8
1927,Jakie May,CIN,3.7
1927,Ed Rile,DS,3.6
1927,Sam Streeter,BBB,3.5
1927,Webster McDonald,CAG,3.5
1927,Ray Kremer,PIT,3.4
1927,Frank Ulrich,PHI,3.4
1927,Red Lucas,CIN,3.4
1927,Tommy Thomas,CHW,3.3
1927,Eppa Rixey,CIN,3.2
1927,Earl Whitehill,DET,3.1
1928,Dazzy Vance,BRO,6.9
1928,Lefty Grove,PHA,6.5
1928,Burleigh Grimes,PIT,6.1
1928,George Pipgras,NYY,4.9
1928,Larry Benton,NYG,4.8
1928,Eppa Rixey,CIN,4.7
1928,Tommy Thomas,CHW,4.2
1928,Sam Gray,SLB,4.1
1928,Red Ruffing,BOS,4.1
1928,Satchel Paige,BBB,4.0
1928,Jack Quinn,PHA,4.0
1928,Garland Braxton,WAS,4.0
1928,Grover Alexander,STL,3.9
1928,Watson Clark,BRO,3.9
1928,Joe Shaute,CLE,3.8
1928,Ed Morris,BOS,3.8
1928,Herb Pennock,NYY,3.8
1928,Laymon Yokely,BBS,3.7
1928,Pat Malone,CHC,3.6
1928,George Uhle,CLE,3.5
1928,Charlie Root,CHC,3.5
1928,Sheriff Blake,CHC,3.5
1928,Alvin Crowder,SLB,3.4
1928,Freddie Fitzsimmons,NYG,3.4
1928,Ted Trent,SLS,3.3
1928,Bill Sherdel,STL,3.2
1928,Carl Glass,MRS,3.1
1928,Jesse Haines,STL,3.0
1928,Earl Whitehill,DET,2.9
1928,Rube Walberg,PHA,2.8
1929,Chet Brewer,KCM,6.8
1929,Lefty Grove,PHA,6.4
1929,John Williams,SLS,5.8
1929,Watson Clark,BRO,5.6
1929,George Uhle,DET,5.3
1929,Willis Hudlin,CLE,5.0
1929,Pat Malone,CHC,4.9
1929,Yellow Horse Morris,CAG,4.9
1929,Charlie Root,CHC,4.8
1929,Firpo Marberry,WAS,4.8
1929,Sam Gray,SLB,4.7
1929,Dazzy Vance,BRO,4.5
1929,William Bell,KCM,4.3
1929,Carl Hubbell,NYG,4.1
1929,Red Lucas,CIN,4.0
1929,George Earnshaw,PHA,3.8
1929,Burleigh Grimes,PIT,3.5
1929,Wes Ferrell,CLE,3.5
1929,Jake Miller,CLE,3.4
1929,Laymon Yokely,BBS,3.3
1929,Red Faber,CHW,3.3
1929,Ted Lyons,CHW,3.2
1929,Logan Hensley,SLS,3.1
1929,Tommy Thomas,CHW,3.1
1929,Joe Williams,HG,3.0
1929,Willie Foster,CAG,3.0
1929,Earl Whitehill,DET,3.0
1929,Army Cooper,KCM,3.0
1929,Jesse Petty,PIT,2.9
1929,Larry Benton,NYG,2.9
1930,Lefty Grove,PHA,8.3
1930,Dazzy Vance,BRO,6.0
1930,Wes Ferrell,CLE,5.4
1930,Bump Hadley,WAS,5.0
1930,Carl Hubbell,NYG,4.6
1930,Pat Malone,CHC,4.6
1930,Ted Lyons,CHW,4.3
1930,William Bell,KCM,4.3
1930,Ted Radcliffe,SLS,4.2
1930,George Earnshaw,PHA,4.2
1930,Willie Foster,CAG,4.0
1930,Nelson Dean,DS,3.9
1930,Chet Brewer,KCM,3.9
1930,Bill Hallahan,STL,3.8
1930,Earl Whitehill,DET,3.8
1930,Sam Streeter,BBB,3.8
1930,Logan Hensley,SLS,3.6
1930,Syl Johnson,STL,3.6
1930,Rube Walberg,PHA,3.6
1930,Charlie Root,CHC,3.5
1930,Red Ruffing,N/A,3.5
1930,Alvin Crowder,N/A,3.4
1930,Lefty Stewart,SLB,3.4
1930,Larry French,PIT,3.4
1930,George Uhle,DET,3.3
1930,Danny MacFayden,BOS,3.2
1930,Burleigh Grimes,N/A,3.1
1930,Clint Brown,CLE,3.1
1930,George Pipgras,NYY,3.0
1930,Phil Collins,PHI,3.0
1931,Lefty Grove,PHA,7.3
1931,Ray Benge,PHI,5.2
1931,George Earnshaw,PHA,5.1
1931,Charlie Root,CHC,4.5
1931,Watson Clark,BRO,4.5
1931,Dazzy Vance,BRO,4.3
1931,Lefty Gomez,NYY,4.2
1931,Bill Walker,NYG,4.2
1931,Wes Ferrell,CLE,4.1
1931,Carl Hubbell,NYG,3.9
1931,Sam Gray,SLB,3.8
1931,Paul Derringer,STL,3.8
1931,Clint Brown,CLE,3.8
1931,Si Johnson,CIN,3.6
1931,Bill Hallahan,STL,3.6
1931,George Blaeholder,SLB,3.6
1931,Jumbo Elliott,PHI,3.6
1931,Larry French,PIT,3.5
1931,Syl Johnson,STL,3.4
1931,Rube Walberg,PHA,3.4
1931,Herb Pennock,NYY,3.4
1931,Danny MacFayden,BOS,3.4
1931,Lefty Stewart,SLB,3.4
1931,Willis Hudlin,CLE,3.3
1931,Vic Sorrell,DET,3.3
1931,Red Ruffing,NYY,3.1
1931,Red Lucas,CIN,3.1
1931,Phil Collins,PHI,3.0
1931,Jack Russell,BOS,2.9
1931,Lloyd Brown,WAS,2.9
1932,Lefty Grove,PHA,7.0
1932,Mel Harder,CLE,5.3
1932,Dizzy Dean,STL,5.2
1932,Alvin Crowder,WAS,5.2
1932,Clint Brown,CLE,4.8
1932,Watson Clark,BRO,4.7
1932,Wes Ferrell,CLE,4.4
1932,Dick Matthews,MRM,4.3
1932,Lon Warneke,CHC,4.3
1932,Carl Hubbell,NYG,4.3
1932,Red Lucas,CIN,4.2
1932,Elbert Williams,MRM,4.0
1932,Sam Gray,SLB,3.9
1932,Ed Holley,PHI,3.9
1932,Paul Derringer,STL,3.9
1932,Vic Sorrell,DET,3.9
1932,George Blaeholder,SLB,3.8
1932,Red Ruffing,NYY,3.7
1932,Si Johnson,CIN,3.7
1932,Ray Benge,PHI,3.6
1932,Willie Foster,CAG,3.6
1932,Rube Walberg,PHA,3.4
1932,Charlie Root,CHC,3.0
1932,Ted Lyons,CHW,3.0
1932,Pat Malone,CHC,3.0
1932,Willis Hudlin,CLE,2.9
1932,Lefty Gomez,NYY,2.9
1932,Lefty Stewart,SLB,2.8
1932,Roy Parnell,MRM,2.8
1932,Bill Hallahan,STL,2.8
1933,Dizzy Dean,STL,6.8
1933,Carl Hubbell,NYG,6.7
1933,Bump Hadley,SLB,4.8
1933,Lefty Grove,PHA,4.7
1933,Lon Warneke,CHC,4.6
1933,Mel Harder,CLE,4.5
1933,Alvin Crowder,WAS,4.4
1933,Larry French,PIT,4.4
1933,Paul Derringer,N/A,4.0
1933,Firpo Marberry,DET,3.8
1933,Earl Whitehill,WAS,3.7
1933,Oral Hildebrand,CLE,3.6
1933,Red Ruffing,NYY,3.5
1933,Tex Carleton,STL,3.5
1933,Tommy Bridges,DET,3.4
1933,Ted Lyons,CHW,3.2
1933,Bill Hallahan,STL,3.1
1933,Clint Brown,CLE,3.1
1933,Van Mungo,BRO,3.1
1933,Leroy Matlock,PC,2.9
1933,Guy Bush,CHC,2.9
1933,Ed Brandt,BSN,2.9
1933,George Blaeholder,SLB,2.9
1933,Carl Fischer,DET,2.8
1933,Lefty Gomez,NYY,2.8
1933,Bill Swift,PIT,2.8
1933,Ed Wells,SLB,2.8
1933,Gordon Rhodes,BOS,2.8
1933,Boom-Boom Beck,BRO,2.7
1933,George Pipgras,N/A,2.7
1934,Dizzy Dean,STL,6.5
1934,Curt Davis,PHI,5.4
1934,Schoolboy Rowe,DET,5.3
1934,Carl Hubbell,NYG,5.1
1934,Van Mungo,BRO,5.0
1934,Mel Harder,CLE,4.9
1934,Satchel Paige,PC,4.8
1934,Paul Derringer,CIN,4.8
1934,Lefty Gomez,NYY,4.8
1934,Larry French,PIT,4.8
1934,Lon Warneke,CHC,4.7
1934,Slim Jones,PS,4.5
1934,Tommy Bridges,DET,4.4
1934,Wes Ferrell,BOS,4.2
1934,Paul Dean,STL,3.8
1934,George Blaeholder,SLB,3.7
1934,Tex Carleton,STL,3.7
1934,Waite Hoyt,PIT,3.6
1934,Freddie Fitzsimmons,NYG,3.6
1934,Bobo Newsom,SLB,3.4
1934,Elden Auker,DET,3.3
1934,Monte Pearson,CLE,3.3
1934,Johnny Marcum,PHA,3.3
1934,Earl Whitehill,WAS,3.2
1934,Hal Schumacher,NYG,3.2
1934,Bill Lee,CHC,3.0
1934,Willis Hudlin,CLE,3.0
1934,Benny Frey,CIN,2.9
1934,Gordon Rhodes,BOS,2.8
1934,Red Ruffing,NYY,2.8
1935,Lefty Grove,BOS,7.1
1935,Mel Harder,CLE,6.9
1935,Cy Blanton,PIT,6.7
1935,Dizzy Dean,STL,6.5
1935,Schoolboy Rowe,DET,6.2
1935,Wes Ferrell,BOS,5.4
1935,Paul Dean,STL,4.8
1935,Paul Derringer,CIN,4.6
1935,Larry French,CHC,4.2
1935,Curt Davis,PHI,4.1
1935,Johnny Marcum,PHA,4.0
1935,Bill Swift,PIT,3.8
1935,Carl Hubbell,NYG,3.8
1935,Tommy Bridges,DET,3.7
1935,Willis Hudlin,CLE,3.7
1935,Lon Warneke,CHC,3.6
1935,Ivy Andrews,SLB,3.5
1935,Syl Johnson,PHI,3.3
1935,Lefty Gomez,NYY,3.1
1935,Earl Whitehill,WAS,3.1
1935,Hal Schumacher,NYG,3.1
1935,Bill Lee,CHC,3.0
1935,Bobo Newsom,N/A,3.0
1935,Thornton Lee,CLE,2.9
1935,Alvin Crowder,DET,2.9
1935,Van Mungo,BRO,2.9
1935,Watson Clark,BRO,2.7
1935,Johnny Allen,NYY,2.7
1935,Bill Hallahan,STL,2.7
1935,Jim Weaver,PIT,2.5
1936,Van Mungo,BRO,6.8
1936,Dizzy Dean,STL,6.6
1936,Johnny Allen,CLE,6.3
1936,Lefty Grove,BOS,5.9
1936,Carl Hubbell,NYG,5.9
1936,Wes Ferrell,BOS,5.5
1936,Paul Derringer,CIN,5.2
1936,Tommy Bridges,DET,4.9
1936,Schoolboy Rowe,DET,4.8
1936,Cy Blanton,PIT,4.7
1936,Claude Passeau,PHI,4.5
1936,Bobo Newsom,WAS,4.1
1936,Mel Harder,CLE,3.6
1936,Lon Warneke,CHC,3.5
1936,John Whitehead,CHW,3.5
1936,Joe Bowman,PHI,3.4
1936,Danny MacFayden,BSN,3.4
1936,Vern Kennedy,CHW,3.3
1936,Larry French,CHC,3.3
1936,Bucky Walters,PHI,3.3
1936,Jim Weaver,PIT,3.2
1936,Red Lucas,PIT,3.1
1936,Fritz Ostermueller,BOS,3.0
1936,Red Ruffing,NYY,3.0
1936,Pete Appleton,WAS,3.0
1936,Ed Brandt,BRO,3.0
1936,Bill Swift,PIT,2.9
1936,Elden Auker,DET,2.9
1936,Harry Kelley,PHA,2.9
1936,Johnny Marcum,BOS,2.6
1937,Lefty Grove,BOS,6.9
1937,Lefty Gomez,NYY,6.6
1937,Claude Passeau,PHI,5.7
1937,Cliff Melton,NYG,4.8
1937,Dizzy Dean,STL,4.7
1937,Tommy Bridges,DET,4.6
1937,Red Ruffing,NYY,4.4
1937,Carl Hubbell,NYG,4.4
1937,Monty Stratton,CHW,4.0
1937,Mel Harder,CLE,3.9
1937,Van Mungo,BRO,3.9
1937,Cy Blanton,PIT,3.9
1937,Luke Hamlin,BRO,3.9
1937,Bucky Walters,PHI,3.9
1937,Bill Lee,CHC,3.8
1937,Johnny Allen,CLE,3.7
1937,Paul Derringer,CIN,3.4
1937,Russ Bauers,PIT,3.4
1937,Elden Auker,DET,3.3
1937,Lee Grissom,CIN,3.3
1937,Danny MacFayden,BSN,3.2
1937,Bobo Newsom,N/A,3.2
1937,Hilton Smith,N/A,3.1
1937,Jack Wilson,BOS,3.1
1937,Waite Hoyt,N/A,3.0
1937,Thornton Lee,CHW,3.0
1937,Bob Weiland,STL,3.0
1937,Peaches Davis,CIN,2.9
1937,Noble LaMaster,PHI,2.8
1937,Denny Galehouse,CLE,2.6
1938,Lefty Gomez,NYY,5.0
1938,Paul Derringer,CIN,5.0
1938,Bobo Newsom,SLB,4.7
1938,Mel Harder,CLE,4.5
1938,Red Ruffing,NYY,4.5
1938,Bill Lee,CHC,4.3
1938,Bob Feller,CLE,4.3
1938,Lefty Grove,BOS,4.3
1938,Clay Bryant,CHC,4.1
1938,Thornton Lee,CHW,4.0
1938,Bill McGee,STL,4.0
1938,Dutch Leonard,WAS,3.9
1938,Bob Weiland,STL,3.7
1938,Luke Hamlin,BRO,3.6
1938,Russ Bauers,PIT,3.5
1938,Ted Lyons,CHW,3.4
1938,George Caster,PHA,3.4
1938,Johnny Allen,CLE,3.3
1938,Howard Mills,SLB,3.3
1938,Jim Bagby,BOS,3.2
1938,Freddie Fitzsimmons,BRO,3.2
1938,Ray Brown,HG,3.1
1938,Claude Passeau,PHI,3.1
1938,Cliff Melton,NYG,2.9
1938,Carl Hubbell,NYG,2.9
1938,Al Hollingsworth,N/A,2.9
1938,Spud Chandler,NYY,2.8
1938,Hilton Smith,KCM,2.8
1938,Jack Wilson,BOS,2.7
1938,Monty Stratton,CHW,2.7
1939,Bob Feller,CLE,6.5
1939,Paul Derringer,CIN,6.1
1939,Bobo Newsom,N/A,6.0
1939,Claude Passeau,N/A,5.5
1939,Tommy Bridges,DET,5.0
1939,Ted Lyons,CHW,4.3
1939,Dutch Leonard,WAS,4.3
1939,Lefty Grove,BOS,4.2
1939,Johnny Rigney,CHW,4.2
1939,Bucky Walters,CIN,4.0
1939,Mort Cooper,STL,3.9
1939,Larry French,CHC,3.8
1939,Thornton Lee,CHW,3.7
1939,Cliff Melton,NYG,3.5
1939,Bill Lee,CHC,3.4
1939,Curt Davis,STL,3.4
1939,Red Ruffing,NYY,3.4
1939,George Walker,KCM,3.2
1939,Ken Chase,WAS,3.1
1939,Hugh Casey,BRO,3.1
1939,Dizzy Trout,DET,3.1
1939,Johnny Allen,CLE,3.0
1939,Hilton Smith,KCM,3.0
1939,Luke Hamlin,BRO,2.9
1939,Fritz Ostermueller,BOS,2.9
1939,Mace Brown,PIT,2.9
1939,Lefty Gomez,NYY,2.8
1939,Smoky Owens,CBR,2.8
1939,Jack Wilson,BOS,2.7
1939,Mel Harder,CLE,2.5
1940,Ray Brown,HG,8.0
1940,Bob Feller,CLE,7.5
1940,Claude Passeau,CHC,5.9
1940,Bobo Newsom,DET,5.5
1940,Paul Derringer,CIN,5.4
1940,Dutch Leonard,WAS,4.7
1940,Tommy Bridges,DET,4.4
1940,Emery Adams,BEG,4.4
1940,Johnny Rigney,CHW,4.3
1940,Thornton Lee,CHW,4.2
1940,Larry French,CHC,4.0
1940,Lon Warneke,STL,3.8
1940,Kirby Higbe,PHI,3.8
1940,Elden Auker,SLB,3.7
1940,Hugh Mulcahy,PHI,3.6
1940,Whit Wyatt,BRO,3.6
1940,Bucky Walters,CIN,3.5
1940,Johnny Babich,PHA,3.5
1940,Mort Cooper,STL,3.3
1940,Jim Turner,CIN,3.1
1940,Hal Schumacher,NYG,3.0
1940,Clyde Shoun,STL,3.0
1940,Ted Lyons,CHW,2.9
1940,Edsall Walker,HG,2.9
1940,Mace Brown,PIT,2.8
1940,Silvino Ruiz,NYC,2.8
1940,Schoolboy Rowe,DET,2.8
1940,Henry McHenry,PS,2.8
1940,Johnny Gorsica,DET,2.8
1940,Sid Hudson,WAS,2.7
1941,Whit Wyatt,BRO,6.9
1941,Dutch Leonard,WAS,5.9
1941,Bob Feller,CLE,5.6
1941,Bucky Walters,CIN,5.3
1941,Bobo Newsom,DET,5.1
1941,Thornton Lee,CHW,5.0
1941,Johnny Vander Meer,CIN,4.3
1941,Mickey Harris,BOS,3.9
1941,Hilton Smith,KCM,3.7
1941,Ted Lyons,CHW,3.7
1941,Claude Passeau,CHC,3.7
1941,Sid Hudson,WAS,3.7
1941,Dave Barnhill,N/A,3.6
1941,Eddie Smith,CHW,3.5
1941,Ernie White,STL,3.4
1941,Terris McDuffie,HG,3.3
1941,Marius Russo,NYY,3.2
1941,Elmer Riddle,CIN,3.2
1941,Ray Brown,HG,3.1
1941,Max Butcher,PIT,3.0
1941,Bill Byrd,BEG,3.0
1941,Henry McHenry,PS,2.9
1941,Bob Muncrief,SLB,2.8
1941,Denny Galehouse,SLB,2.8
1941,Bill Lee,CHC,2.7
1941,Jim Tobin,BSN,2.7
1941,Kirby Higbe,BRO,2.7
1941,Johnny Rigney,CHW,2.7
1941,Paul Derringer,CIN,2.7
1941,Al Smith,CLE,2.6
1942,Mort Cooper,STL,6.5
1942,Tex Hughson,BOS,5.4
1942,Johnny Vander Meer,CIN,5.4
1942,Tiny Bonham,NYY,4.4
1942,Al Benton,DET,4.3
1942,Leon Day,N/A,4.2
1942,Bucky Walters,CIN,4.2
1942,Bobo Newsom,N/A,4.1
1942,Roy Partlow,HG,4.0
1942,Hal White,DET,3.9
1942,Whit Wyatt,BRO,3.9
1942,Tommy Bridges,DET,3.8
1942,Johnny Beazley,STL,3.8
1942,Paul Derringer,CIN,3.7
1942,Al Javery,BSN,3.7
1942,Bill Lee,CHC,3.7
1942,Claude Passeau,CHC,3.6
1942,Virgil Trucks,DET,3.4
1942,Johnny Humphries,CHW,3.3
1942,Red Ruffing,NYY,3.3
1942,Max Lanier,STL,3.1
1942,Sid Hudson,WAS,3.1
1942,Jonas Gaines,BEG,3.0
1942,Max Manning,NE,2.9
1942,Denny Galehouse,SLB,2.9
1942,Rip Sewell,PIT,2.9
1942,Hank Borowy,NYY,2.8
1942,Lon Warneke,N/A,2.8
1942,Al Hollingsworth,SLB,2.8
1942,Ted Lyons,CHW,2.8
1943,Spud Chandler,NYY,6.3
1943,Mort Cooper,STL,5.8
1943,Max Lanier,STL,4.5
1943,Denny Galehouse,SLB,4.2
1943,Virgil Trucks,DET,4.2
1943,Tommy Bridges,DET,4.2
1943,Al Javery,BSN,4.2
1943,Johnny Wright,HG,4.1
1943,Dizzy Trout,DET,4.1
1943,Rip Sewell,PIT,4.0
1943,Charles Wensloff,NYY,3.9
1943,Hal Newhouser,DET,3.7
1943,Whit Wyatt,BRO,3.7
1943,Nate Andrews,BSN,3.6
1943,Hi Bithorn,CHC,3.5
1943,Claude Passeau,CHC,3.5
1943,Johnny Vander Meer,CIN,3.3
1943,Schoolboy Rowe,PHI,3.3
1943,Jesse Flores,PHA,3.2
1943,Bill Byrd,N/A,3.2
1943,Hank Borowy,NYY,3.2
1943,Johnny Niggeling,N/A,3.1
1943,Red Barrett,BSN,3.1
1943,Bob Klinger,PIT,3.0
1943,Wally Hebert,PIT,3.0
1943,Bob Muncrief,SLB,2.9
1943,Satchel Paige,N/A,2.9
1943,Allie Reynolds,CLE,2.8
1943,Paul Derringer,CHC,2.8
1943,Tiny Bonham,NYY,2.8
1944,Dizzy Trout,DET,7.3
1944,Hal Newhouser,DET,7.3
1944,Ken Raffensberger,PHI,6.2
1944,Jack Kramer,SLB,5.8
1944,Max Lanier,STL,5.4
1944,Tex Hughson,BOS,5.2
1944,Mort Cooper,STL,5.2
1944,Bobo Newsom,PHA,4.4
1944,Hank Wyse,CHC,4.3
1944,Stubby Overmire,DET,4.3
1944,Claude Passeau,CHC,4.2
1944,Fritz Ostermueller,N/A,4.1
1944,Nels Potter,SLB,4.0
1944,Harry Brecheen,STL,3.6
1944,Nick Strincevich,PIT,3.5
1944,Bob Muncrief,SLB,3.5
1944,Bucky Walters,CIN,3.5
1944,Rip Sewell,PIT,3.4
1944,Dutch Leonard,WAS,3.4
1944,Preacher Roe,PIT,3.4
1944,Al Javery,BSN,3.2
1944,Satchel Paige,KCM,3.2
1944,Nate Andrews,BSN,3.1
1944,Max Butcher,PIT,3.1
1944,Russ Christopher,PHA,3.1
1944,Steve Gromek,CLE,3.0
1944,Johnny Niggeling,WAS,2.9
1944,Jim Tobin,BSN,2.9
1944,Orval Grove,CHW,2.9
1944,Rube Melton,BRO,2.8
1945,Hal Newhouser,DET,8.0
1945,Preacher Roe,PIT,6.5
1945,Nels Potter,SLB,5.2
1945,Claude Passeau,CHC,4.9
1945,Nick Strincevich,PIT,4.8
1945,Dutch Leonard,WAS,4.7
1945,Roger Wolff,WAS,4.7
1945,Hal Gregg,BRO,4.3
1945,Dave Ferriss,BOS,4.3
1945,Red Barrett,N/A,4.1
1945,Dizzy Trout,DET,4.1
1945,Paul Derringer,CHC,4.0
1945,Steve Gromek,CLE,3.9
1945,Van Mungo,NYG,3.8
1945,Hank Wyse,CHC,3.7
1945,Ray Prim,CHC,3.6
1945,Thornton Lee,CHW,3.5
1945,Bobo Newsom,PHA,3.2
1945,Booker McDaniel,KCM,3.1
1945,Bill Byrd,BEG,3.1
1945,Russ Christopher,PHA,3.0
1945,Al Benton,DET,3.0
1945,Ken Burkhart,STL,2.9
1945,Harry Brecheen,STL,2.8
1945,Hank Borowy,N/A,2.8
1945,Bill Voiselle,NYG,2.8
1945,Harry Feldman,NYG,2.7
1945,Ed Heusser,CIN,2.6
1945,Ed Lopat,CHW,2.5
1945,Al Hollingsworth,SLB,2.5
1946,Bob Feller,CLE,9.6
1946,Hal Newhouser,DET,9.3
1946,Tex Hughson,BOS,7.0
1946,Spud Chandler,NYY,5.3
1946,Dizzy Trout,DET,5.2
1946,Johnny Sain,BSN,5.1
1946,Harry Brecheen,STL,4.7
1946,Dave Ferriss,BOS,4.6
1946,Bill Bevens,NYY,4.4
1946,Fred Hutchinson,DET,4.0
1946,Johnny Schmitz,CHC,3.9
1946,Howie Pollet,STL,3.9
1946,Ewell Blackwell,CIN,3.7
1946,Denny Galehouse,SLB,3.5
1946,Kirby Higbe,BRO,3.5
1946,Bobo Newsom,N/A,3.5
1946,Fritz Ostermueller,PIT,3.5
1946,Dave Koslo,NYG,3.5
1946,Virgil Trucks,DET,3.4
1946,Jack Kramer,SLB,3.4
1946,Hank Borowy,CHC,3.3
1946,Ken Raffensberger,PHI,3.2
1946,Mickey Harris,BOS,3.1
1946,Leon Day,NE,3.1
1946,Mort Cooper,BSN,2.9
1946,Ed Lopat,CHW,2.9
1946,Nick Strincevich,PIT,2.8
1946,Murry Dickson,STL,2.7
1946,Hank Wyse,CHC,2.6
1946,Henry McHenry,PS,2.5
1947,Ewell Blackwell,CIN,7.3
1947,Hal Newhouser,DET,6.7
1947,Warren Spahn,BSN,5.8
1947,Red Munger,STL,4.9
1947,Johnny Sain,BSN,4.9
1947,Dutch Leonard,PHI,4.8
1947,Ralph Branca,BRO,4.5
1947,Bob Feller,CLE,4.4
1947,Fred Hutchinson,DET,4.3
1947,Walt Masterson,WAS,4.3
1947,Joe Dobson,BOS,4.1
1947,Larry Jansen,NYG,4.0
1947,Al Brazle,STL,3.8
1947,Ed Lopat,CHW,3.7
1947,Johnny Schmitz,CHC,3.6
1947,Murry Dickson,STL,3.6
1947,Dizzy Trout,DET,3.5
1947,Ellis Kinder,SLB,3.5
1947,Jim LaMarque,KCM,3.4
1947,Harry Brecheen,STL,3.3
1947,Joe Hatten,BRO,3.0
1947,Bobo Newsom,N/A,3.0
1947,Denny Galehouse,N/A,3.0
1947,Tex Hughson,BOS,3.0
1947,Max Manning,NE,2.9
1947,Phil Marchildon,PHA,2.9
1947,Red Barrett,BSN,2.9
1947,Dick Fowler,PHA,2.8
1947,Bob Muncrief,SLB,2.7
1947,Joe Haynes,CHW,2.7
1948,Harry Brecheen,STL,7.7
1948,Hal Newhouser,DET,6.4
1948,Joe Dobson,BOS,5.2
1948,Johnny Sain,BSN,5.1
1948,Larry Jansen,NYG,4.8
1948,Dutch Leonard,PHI,4.7
1948,Bob Lemon,CLE,4.6
1948,Jack Kramer,BOS,4.3
1948,Mel Parnell,BOS,4.3
1948,Vic Raschi,NYY,4.1
1948,Lou Brissie,PHA,4.1
1948,Bob Feller,CLE,4.0
1948,Dizzy Trout,DET,3.9
1948,Virgil Trucks,DET,3.7
1948,Johnny Schmitz,CHC,3.6
1948,Preacher Roe,BRO,3.6
1948,Ed Lopat,NYY,3.5
1948,Warren Spahn,BSN,3.4
1948,Joe Coleman,PHA,3.3
1948,Cliff Fannin,SLB,3.3
1948,Howie Pollet,STL,3.3
1948,Rex Barney,BRO,3.2
1948,Ellis Kinder,BOS,3.2
1948,Fred Sanford,SLB,2.9
1948,Joe Hatten,BRO,2.9
1948,Bill Byrd,BEG,2.9
1948,Ray Scarborough,WAS,2.8
1948,Jim LaMarque,KCM,2.8
1948,Art Houtteman,DET,2.7
1948,Al Brazle,STL,2.7
1949,Mel Parnell,BOS,6.9
1949,Howie Pollet,STL,6.0
1949,Hal Newhouser,DET,5.9
1949,Don Newcombe,BRO,5.6
1949,Virgil Trucks,DET,5.3
1949,Ellis Kinder,BOS,5.0
1949,Dutch Leonard,CHC,4.8
1949,Warren Spahn,BSN,4.5
1949,Bill Wight,CHW,4.5
1949,Ken Raffensberger,CIN,4.3
1949,Dave Koslo,NYG,4.0
1949,Joe Dobson,BOS,4.0
1949,Bill Werle,PIT,4.0
1949,Mike Garcia,CLE,3.9
1949,Joe Coleman,PHA,3.7
1949,Preacher Roe,BRO,3.5
1949,Vic Raschi,NYY,3.5
1949,Ned Garver,SLB,3.5
1949,Gerry Staley,STL,3.5
1949,Harry Brecheen,STL,3.4
1949,Robin Roberts,PHI,3.3
1949,Bob Lemon,CLE,3.3
1949,Bob Rush,CHC,3.3
1949,Art Houtteman,DET,3.2
1949,Johnny Sain,BSN,3.2
1949,Murry Dickson,PIT,3.1
1949,Monty Kennedy,NYG,3.1
1949,Ray Scarborough,WAS,3.1
1949,Cliff Chambers,PIT,3.1
1949,Russ Meyer,PHI,3.1
1950,Ewell Blackwell,CIN,6.4
1950,Warren Spahn,BSN,5.6
1950,Larry Jansen,NYG,5.6
1950,Don Newcombe,BRO,5.4
1950,Robin Roberts,PHI,5.3
1950,Bob Rush,CHC,4.8
1950,Howie Pollet,STL,4.7
1950,Ned Garver,SLB,4.5
1950,Fred Hutchinson,DET,4.5
1950,Vic Raschi,NYY,4.5
1950,Mel Parnell,BOS,4.5
1950,Cliff Chambers,PIT,4.3
1950,Allie Reynolds,NYY,4.2
1950,Joe Dobson,BOS,4.0
1950,Ray Scarborough,N/A,3.9
1950,Curt Simmons,PHI,3.7
1950,Ed Lopat,NYY,3.7
1950,Bill Wight,CHW,3.6
1950,Vern Bickford,BSN,3.6
1950,Dizzy Trout,DET,3.6
1950,Erv Palica,BRO,3.5
1950,Al Widmar,SLB,3.5
1950,Max Lanier,STL,3.4
1950,Bob Kuzava,N/A,3.3
1950,Bob Feller,CLE,3.3
1950,Sid Hudson,WAS,3.3
1950,Bobby Shantz,PHA,3.3
1950,Preacher Roe,BRO,3.2
1950,Stubby Overmire,SLB,3.2
1950,Ellis Kinder,BOS,3.1
1951,Robin Roberts,PHI,6.7
1951,Don Newcombe,BRO,5.8
1951,Larry Jansen,NYG,5.7
1951,Warren Spahn,BSN,5.5
1951,Sal Maglie,NYG,4.9
1951,Mike Garcia,CLE,4.8
1951,Billy Pierce,CHW,4.7
1951,Mel Parnell,BOS,4.7
1951,Bob Rush,CHC,4.5
1951,Ed Lopat,NYY,4.1
1951,Fred Hutchinson,DET,4.1
1951,Vic Raschi,NYY,4.0
1951,Ned Garver,SLB,3.7
1951,Early Wynn,CLE,3.7
1951,Preacher Roe,BRO,3.7
1951,Bubba Church,PHI,3.7
1951,Ewell Blackwell,CIN,3.6
1951,Mickey McDermott,BOS,3.5
1951,Gerry Staley,STL,3.4
1951,Saul Rogovin,N/A,3.3
1951,Howie Fox,CIN,3.3
1951,Murry Dickson,PIT,3.3
1951,Allie Reynolds,NYY,3.2
1951,Ken Raffensberger,CIN,3.2
1951,Bobby Shantz,PHA,3.1
1951,Connie Marrero,WAS,3.0
1951,Dizzy Trout,DET,3.0
1951,Ted Gray,DET,2.9
1951,Bob Hooper,PHA,2.8
1951,Ralph Branca,BRO,2.8
1952,Robin Roberts,PHI,7.0
1952,Bobby Shantz,PHA,6.1
1952,Warren Spahn,BSN,5.9
1952,Mike Garcia,CLE,5.9
1952,Bob Rush,CHC,5.6
1952,Billy Pierce,CHW,5.5
1952,Ken Raffensberger,CIN,4.7
1952,Allie Reynolds,NYY,4.6
1952,Curt Simmons,PHI,4.5
1952,Bob Lemon,CLE,4.4
1952,Russ Meyer,PHI,4.2
1952,Karl Drews,PHI,4.2
1952,Saul Rogovin,CHW,3.9
1952,Joe Dobson,CHW,3.9
1952,Murry Dickson,PIT,3.9
1952,Bob Porterfield,WAS,3.7
1952,Mel Parnell,BOS,3.6
1952,Carl Erskine,BRO,3.5
1952,Harry Byrd,PHA,3.5
1952,Gerry Staley,STL,3.4
1952,Virgil Trucks,DET,3.4
1952,Warren Hacker,CHC,3.3
1952,Connie Marrero,WAS,3.3
1952,Billy Loes,BRO,3.2
1952,Duane Pillette,SLB,3.2
1952,Vinegar Bend Mizell,STL,3.1
1952,Art Houtteman,DET,3.1
1952,Sal Maglie,NYG,3.1
1952,Vic Raschi,NYY,3.0
1952,Sid Hudson,N/A,2.8
1953,Robin Roberts,PHI,8.4
1953,Warren Spahn,MIL,6.2
1953,Harvey Haddix,STL,5.5
1953,Carl Erskine,BRO,5.4
1953,Vinegar Bend Mizell,STL,5.1
1953,Billy Pierce,CHW,5.1
1953,Alex Kellner,PHA,4.8
1953,Curt Simmons,PHI,4.8
1953,Mike Garcia,CLE,4.6
1953,Virgil Trucks,N/A,4.6
1953,Mel Parnell,BOS,4.4
1953,Paul Minner,CHC,4.0
1953,Don Larsen,SLB,3.9
1953,Mickey McDermott,BOS,3.5
1953,Bob Porterfield,WAS,3.1
1953,Bob Lemon,CLE,3.1
1953,Early Wynn,CLE,3.0
1953,Johnny Antonelli,MIL,3.0
1953,Vic Raschi,NYY,2.7
1953,Ruben Gomez,NYG,2.7
1953,Ned Garver,DET,2.5
1953,Russ Meyer,BRO,2.5
1953,Ed Lopat,NYY,2.4
1953,Sid Hudson,BOS,2.4
1953,Paul LaPalme,PIT,2.4
1953,Hal Brown,BOS,2.4
1953,Bob Miller,PHI,2.3
1953,Lew Burdette,MIL,2.3
1953,Chuck Stobbs,WAS,2.3
1953,Johnny Sain,NYY,2.3
1954,Robin Roberts,PHI,7.1
1954,Mike Garcia,CLE,6.5
1954,Harvey Haddix,STL,5.7
1954,Virgil Trucks,CHW,5.6
1954,Bob Rush,CHC,5.0
1954,Curt Simmons,PHI,4.9
1954,Johnny Antonelli,NYG,4.8
1954,Early Wynn,CLE,4.7
1954,Warren Spahn,MIL,4.2
1954,Paul Minner,CHC,4.2
1954,Bob Lemon,CLE,4.2
1954,Carl Erskine,BRO,4.2
1954,Frank Sullivan,BOS,3.9
1954,Sal Maglie,NYG,3.7
1954,Bob Porterfield,WAS,3.6
1954,Ned Garver,DET,3.6
1954,Lew Burdette,MIL,3.4
1954,Art Fowler,CIN,3.3
1954,Jack Harshman,CHW,3.3
1954,Dean Stone,WAS,3.3
1954,Billy Pierce,CHW,3.2
1954,Whitey Ford,NYY,3.2
1954,Chuck Stobbs,WAS,3.1
1954,Joe Nuxhall,CIN,3.1
1954,Johnny Schmitz,WAS,3.0
1954,Russ Meyer,BRO,3.0
1954,Bob Grim,NYY,2.9
1954,Steve Gromek,DET,2.9
1954,Willard Nixon,BOS,2.8
1954,Bob Turley,BAL,2.7
1955,Bob Rush,CHC,5.3
1955,Billy Pierce,CHW,5.1
1955,Robin Roberts,PHI,5.1
1955,Frank Sullivan,BOS,4.7
1955,Willard Nixon,BOS,4.6
1955,Don Newcombe,BRO,4.6
1955,Frank Lary,DET,4.5
1955,Billy Hoeft,DET,4.4
1955,Mike Garcia,CLE,4.4
1955,Herb Score,CLE,4.4
1955,Joe Nuxhall,CIN,4.2
1955,Johnny Antonelli,NYG,3.9
1955,Early Wynn,CLE,3.9
1955,Art Fowler,CIN,3.8
1955,Harvey Haddix,STL,3.8
1955,Bob Friend,PIT,3.8
1955,Johnny Podres,BRO,3.6
1955,Warren Spahn,MIL,3.3
1955,Dick Donovan,CHW,3.3
1955,Bob Lemon,CLE,3.3
1955,Ned Garver,DET,3.2
1955,Vern Law,PIT,3.1
1955,Whitey Ford,NYY,3.0
1955,Bob Porterfield,WAS,2.9
1955,Jim Wilson,BAL,2.7
1955,Bob Turley,NYY,2.7
1955,Jim Hearn,NYG,2.7
1955,Johnny Schmitz,WAS,2.5
1955,Paul Minner,CHC,2.5
1955,Bob Buhl,MIL,2.5
1956,Herb Score,CLE,6.8
1956,Early Wynn,CLE,6.1
1956,Bob Friend,PIT,6.1
1956,Billy Pierce,CHW,5.8
1956,Frank Lary,DET,5.5
1956,Johnny Antonelli,NYG,5.3
1956,Tom Brewer,BOS,5.2
1956,Don Newcombe,BRO,5.0
1956,Whitey Ford,NYY,5.0
1956,Frank Sullivan,BOS,4.6
1956,Billy Hoeft,DET,4.6
1956,Warren Spahn,MIL,4.5
1956,Jack Harshman,CHW,4.5
1956,Connie Johnson,N/A,4.4
1956,Dick Donovan,CHW,4.4
1956,Harvey Haddix,N/A,4.3
1956,Art Fowler,CIN,4.0
1956,Lew Burdette,MIL,3.9
1956,Robin Roberts,PHI,3.8
1956,Murry Dickson,N/A,3.7
1956,Vinegar Bend Mizell,STL,3.5
1956,Ron Kline,PIT,3.5
1956,Paul Foytack,DET,3.5
1956,Chuck Stobbs,WAS,3.4
1956,Mike Garcia,CLE,3.4
1956,Sal Maglie,N/A,3.3
1956,Bob Lemon,CLE,3.3
1956,Joe Nuxhall,CIN,3.2
1956,Bob Rush,CHC,3.0
1956,Bill Wight,BAL,3.0
1957,Frank Sullivan,BOS,6.4
1957,Billy Pierce,CHW,5.9
1957,Connie Johnson,BAL,5.4
1957,Don Drysdale,BRO,5.1
1957,Willard Nixon,BOS,4.7
1957,Curt Simmons,PHI,4.6
1957,Johnny Podres,BRO,4.5
1957,Jack Sanford,PHI,4.2
1957,Bob Friend,PIT,4.2
1957,Mike Fornieles,N/A,4.0
1957,Jim Bunning,DET,3.9
1957,Harvey Haddix,PHI,3.8
1957,Billy Hoeft,DET,3.7
1957,Moe Drabowsky,CHC,3.7
1957,Sam Jones,STL,3.7
1957,Dick Donovan,CHW,3.7
1957,Tom Brewer,BOS,3.5
1957,Mike Garcia,CLE,3.4
1957,Lindy McDaniel,STL,3.3
1957,Bob Rush,CHC,3.3
1957,Brooks Lawrence,CIN,3.3
1957,Billy Loes,BAL,3.2
1957,Camilo Pascual,WAS,3.2
1957,Johnny Antonelli,NYG,3.1
1957,Tom Sturdivant,NYY,3.0
1957,Frank Lary,DET,3.0
1957,Duke Maas,DET,2.9
1957,Early Wynn,CLE,2.8
1957,Larry Jackson,STL,2.7
1957,Warren Spahn,MIL,2.7
1958,Sam Jones,STL,5.5
1958,Lew Burdette,MIL,5.0
1958,Billy O'Dell,BAL,4.9
1958,Bob Friend,PIT,4.8
1958,Frank Sullivan,BOS,4.8
1958,Frank Lary,DET,4.8
1958,Whitey Ford,NYY,4.7
1958,Robin Roberts,PHI,4.5
1958,Camilo Pascual,WAS,4.2
1958,Dick Donovan,CHW,4.1
1958,Jack Harshman,BAL,4.0
1958,Bob Purkey,CIN,3.7
1958,Curt Simmons,PHI,3.6
1958,Warren Spahn,MIL,3.6
1958,Paul Foytack,DET,3.5
1958,Stu Miller,SFG,3.4
1958,Joe Nuxhall,CIN,3.4
1958,Don Drysdale,LAD,3.3
1958,Larry Jackson,STL,3.3
1958,Jim Bunning,DET,3.1
1958,Brooks Lawrence,CIN,3.1
1958,Vern Law,PIT,3.1
1958,Tom Brewer,BOS,3.0
1958,Johnny Podres,LAD,2.9
1958,Ralph Terry,KCA,2.7
1958,Ike Delock,BOS,2.6
1958,Early Wynn,CHW,2.6
1958,Jack Sanford,PHI,2.5
1958,Arnie Portocarrero,BAL,2.5
1958,Billy Pierce,CHW,2.5
1959,Camilo Pascual,WAS,7.6
1959,Larry Jackson,STL,6.8
1959,Don Drysdale,LAD,5.8
1959,Sam Jones,SFG,5.1
1959,Don Mossi,DET,4.8
1959,Jim Owens,PHI,4.5
1959,Warren Spahn,MIL,4.4
1959,Frank Lary,DET,4.3
1959,Milt Pappas,BAL,4.3
1959,Tom Brewer,BOS,4.2
1959,Johnny Antonelli,SFG,4.1
1959,Hoyt Wilhelm,BAL,4.1
1959,Don Newcombe,CIN,3.9
1959,Gene Conley,PHI,3.9
1959,Vern Law,PIT,3.9
1959,Robin Roberts,PHI,3.8
1959,Bob Friend,PIT,3.7
1959,Bob Shaw,CHW,3.7
1959,Harvey Haddix,PIT,3.7
1959,Early Wynn,CHW,3.6
1959,Jim Bunning,DET,3.4
1959,Glen Hobbie,CHC,3.3
1959,Jerry Walker,BAL,3.1
1959,Bob Anderson,CHC,3.1
1959,Bud Daley,KCA,3.0
1959,Dave Hillman,CHC,3.0
1959,Johnny Podres,LAD,3.0
1959,Jack Sanford,SFG,2.9
1959,Bill Fischer,WAS,2.8
1959,Frank Sullivan,BOS,2.8
1960,Bob Friend,PIT,7.1
1960,Jim Bunning,DET,6.9
1960,Don Drysdale,LAD,6.2
1960,Larry Jackson,STL,6.1
1960,Ray Herbert,KCA,5.3
1960,Frank Lary,DET,5.3
1960,Mike McCormick,SFG,5.1
1960,Bill Monbouquette,BOS,4.6
1960,Pedro Ramos,WAS,4.5
1960,Gene Conley,PHI,4.4
1960,Vern Law,PIT,4.2
1960,Ernie Broglio,STL,4.1
1960,Sam Jones,SFG,3.9
1960,Johnny Podres,LAD,3.6
1960,Jim O'Toole,CIN,3.5
1960,Lew Burdette,MIL,3.4
1960,Harvey Haddix,PIT,3.3
1960,Vinegar Bend Mizell,N/A,3.3
1960,Early Wynn,CHW,3.2
1960,Stan Williams,LAD,3.0
1960,Milt Pappas,BAL,3.0
1960,Bob Purkey,CIN,2.9
1960,Billy O'Dell,SFG,2.9
1960,Frank Baumann,CHW,2.9
1960,Warren Spahn,MIL,2.9
1960,Jack Sanford,SFG,2.8
1960,Robin Roberts,PHI,2.8
1960,Don Mossi,DET,2.8
1960,Hal Brown,BAL,2.7
1960,Billy Pierce,CHW,2.7
1961,Jim Bunning,DET,6.3
1961,Sandy Koufax,LAD,6.3
1961,Frank Lary,DET,5.9
1961,Whitey Ford,NYY,5.8
1961,Jim O'Toole,CIN,5.6
1961,Camilo Pascual,MIN,5.3
1961,Jack Kralick,MIN,5.1
1961,Jim Archer,KCA,4.9
1961,Bob Friend,PIT,4.9
1961,Don Mossi,DET,4.7
1961,Stan Williams,LAD,4.6
1961,Don Cardwell,CHC,4.3
1961,Joe Gibbon,PIT,4.2
1961,Ken McBride,LAA,4.1
1961,Bill Monbouquette,BOS,4.1
1961,Larry Jackson,STL,4.0
1961,Bob Gibson,STL,3.9
1961,Juan Pizarro,CHW,3.9
1961,Curt Simmons,STL,3.9
1961,Jim Kaat,MIN,3.8
1961,Bob Purkey,CIN,3.6
1961,Joey Jay,CIN,3.6
1961,Don Drysdale,LAD,3.5
1961,Steve Barber,BAL,3.5
1961,Bennie Daniels,WAS,3.5
1961,Dick Donovan,WAS,3.4
1961,Pedro Ramos,MIN,3.2
1961,Warren Spahn,MIL,3.2
1961,Bill Stafford,NYY,3.2
1961,Lew Burdette,MIL,3.0
1962,Camilo Pascual,MIN,6.8
1962,Don Drysdale,LAD,6.5
1962,Billy O'Dell,SFG,6.4
1962,Bob Gibson,STL,6.0
1962,Sandy Koufax,LAD,5.7
1962,Jim Kaat,MIN,5.4
1962,Turk Farrell,HOU,5.3
1962,Bill Monbouquette,BOS,5.2
1962,Hank Aguirre,DET,5.2
1962,Whitey Ford,NYY,4.9
1962,Bob Friend,PIT,4.8
1962,Ray Herbert,CHW,4.8
1962,Jim Bunning,DET,4.6
1962,Jim O'Toole,CIN,4.6
1962,Ken Johnson,HOU,4.5
1962,Johnny Podres,LAD,4.5
1962,Dick Donovan,CLE,4.2
1962,Bob Purkey,CIN,4.2
1962,Larry Jackson,STL,4.1
1962,Al Jackson,NYM,4.0
1962,Ralph Terry,NYY,4.0
1962,Gene Conley,BOS,3.9
1962,Juan Pizarro,CHW,3.9
1962,Jack Kralick,MIN,3.8
1962,Warren Spahn,MIL,3.6
1962,Al McBean,PIT,3.6
1962,Dean Chance,LAA,3.5
1962,Robin Roberts,BAL,3.5
1962,Joey Jay,CIN,3.4
1962,Bob Shaw,MIL,3.3
1963,Sandy Koufax,LAD,9.2
1963,Juan Marichal,SFG,6.7
1963,Dick Ellsworth,CHC,6.6
1963,Larry Jackson,CHC,6.6
1963,Gary Peters,CHW,6.5
1963,Jim Maloney,CIN,6.4
1963,Don Drysdale,LAD,5.8
1963,Bob Friend,PIT,5.7
1963,Bill Monbouquette,BOS,5.4
1963,Camilo Pascual,MIN,5.4
1963,Steve Barber,BAL,5.4
1963,Joe Nuxhall,CIN,5.4
1963,Whitey Ford,NYY,5.2
1963,Curt Simmons,STL,5.1
1963,Ray Herbert,CHW,4.9
1963,Jim O'Toole,CIN,4.8
1963,Dean Chance,LAA,4.8
1963,Al Downing,NYY,4.7
1963,Juan Pizarro,CHW,4.7
1963,Bob Gibson,STL,4.4
1963,Turk Farrell,HOU,4.3
1963,Ken Johnson,HOU,4.1
1963,Jack Kralick,N/A,3.8
1963,Jack Sanford,SFG,3.8
1963,Don Nottebart,HOU,3.7
1963,Jim Bouton,NYY,3.6
1963,Chris Short,PHI,3.4
1963,Orlando Pena,KCA,3.4
1963,Dick Stigman,MIN,3.3
1963,Ralph Terry,NYY,3.3
1964,Dean Chance,LAA,7.6
1964,Don Drysdale,LAD,6.9
1964,Whitey Ford,NYY,6.8
1964,Bob Veale,PIT,6.5
1964,Juan Marichal,SFG,6.4
1964,Sandy Koufax,LAD,6.1
1964,Larry Jackson,CHC,5.9
1964,Jim O'Toole,CIN,5.9
1964,Bob Gibson,STL,5.8
1964,Jim Bunning,PHI,5.6
1964,Chris Short,PHI,5.6
1964,Bob Friend,PIT,4.9
1964,Bob Bruce,HOU,4.9
1964,Jim Maloney,CIN,4.9
1964,Milt Pappas,BAL,4.8
1964,Jim Kaat,MIN,4.7
1964,Joe Horlen,CHW,4.5
1964,Claude Osteen,WAS,4.4
1964,Mickey Lolich,DET,4.4
1964,Gary Peters,CHW,4.3
1964,Al Downing,NYY,4.2
1964,Camilo Pascual,MIN,4.1
1964,Juan Pizarro,CHW,3.9
1964,Sam McDowell,CLE,3.7
1964,Ray Sadecki,STL,3.7
1964,Gaylord Perry,SFG,3.6
1964,Fred Newman,LAA,3.4
1964,Joey Jay,CIN,3.4
1964,Dave Wickersham,DET,3.2
1964,Curt Simmons,STL,3.0
1965,Sandy Koufax,LAD,10.0
1965,Sam McDowell,CLE,8.7
1965,Bob Veale,PIT,8.0
1965,Jim Bunning,PHI,7.3
1965,Juan Marichal,SFG,6.8
1965,Chris Short,PHI,6.5
1965,Jim Maloney,CIN,6.5
1965,Sonny Siebert,CLE,5.4
1965,Bob Gibson,STL,5.1
1965,Mickey Lolich,DET,5.1
1965,Whitey Ford,NYY,4.6
1965,Mel Stottlemyre,NYY,4.5
1965,Jim Kaat,MIN,4.3
1965,Bob Shaw,SFG,4.3
1965,Denny McLain,DET,4.0
1965,Joe Horlen,CHW,4.0
1965,Ken Johnson,N/A,3.9
1965,Fred Newman,CAL,3.8
1965,Tony Cloninger,MIL,3.8
1965,George Brunet,CAL,3.8
1965,Sammy Ellis,CIN,3.7
1965,Claude Osteen,LAD,3.5
1965,Earl Wilson,BOS,3.5
1965,Vern Law,PIT,3.4
1965,Bob Bruce,HOU,3.4
1965,Don Drysdale,LAD,3.4
1965,Turk Farrell,HOU,3.3
1965,Dean Chance,CAL,3.2
1965,Dave Wickersham,DET,3.1
1965,Mudcat Grant,MIN,3.0
1966,Sandy Koufax,LAD,9.1
1966,Gaylord Perry,SFG,7.3
1966,Jim Bunning,PHI,6.8
1966,Jim Kaat,MIN,6.4
1966,Juan Marichal,SFG,6.3
1966,Mike Cuellar,HOU,6.1
1966,Bob Gibson,STL,6.0
1966,Bob Veale,PIT,5.3
1966,Gary Bell,CLE,5.0
1966,Jim Maloney,CIN,4.9
1966,Claude Osteen,LAD,4.8
1966,Steve Hargan,CLE,4.7
1966,Don Sutton,LAD,4.7
1966,Sam McDowell,CLE,4.4
1966,Earl Wilson,N/A,4.2
1966,Gary Peters,CHW,4.2
1966,Don Drysdale,LAD,4.1
1966,Dick Ellsworth,CHC,4.0
1966,Tommy John,CHW,3.8
1966,Milt Pappas,CIN,3.7
1966,Mudcat Grant,MIN,3.6
1966,Mel Stottlemyre,NYY,3.6
1966,Fritz Peterson,NYY,3.5
1966,Sonny Siebert,CLE,3.4
1966,Chris Short,PHI,3.3
1966,Joe Horlen,CHW,3.1
1966,Dave McNally,BAL,3.0
1966,Dave Boswell,MIN,3.0
1966,Woodie Fryman,PIT,3.0
1966,Ken Holtzman,CHC,3.0
1967,Dean Chance,MIN,6.9
1967,Jim Bunning,PHI,6.8
1967,Jim Kaat,MIN,6.4
1967,Jim Lonborg,BOS,5.7
1967,Gaylord Perry,SFG,5.6
1967,Gary Nolan,CIN,5.3
1967,Catfish Hunter,KCA,5.2
1967,Mike Cuellar,HOU,5.1
1967,Bill Singer,LAD,4.7
1967,Jim Merritt,MIN,4.6
1967,Gary Peters,CHW,4.6
1967,Mickey Lolich,DET,4.6
1967,Jim Maloney,CIN,4.5
1967,Fergie Jenkins,CHC,4.5
1967,Steve Carlton,STL,4.4
1967,Bob Gibson,STL,4.3
1967,Don Drysdale,LAD,4.3
1967,Steve Hargan,CLE,4.2
1967,Ray Sadecki,SFG,4.0
1967,Al Downing,NYY,3.9
1967,Larry Jackson,PHI,3.9
1967,Dave Boswell,MIN,3.9
1967,Milt Pappas,CIN,3.8
1967,Claude Osteen,LAD,3.8
1967,Luis Tiant,CLE,3.7
1967,Juan Marichal,SFG,3.7
1967,Mel Queen,CIN,3.6
1967,Phil Niekro,ATL,3.6
1967,Joe Horlen,CHW,3.5
1967,Lee Stange,BOS,3.5
1968,Bob Gibson,STL,8.6
1968,Dean Chance,MIN,7.7
1968,Luis Tiant,CLE,7.4
1968,Denny McLain,DET,7.2
1968,Sam McDowell,CLE,6.8
1968,Fergie Jenkins,CHC,6.3
1968,Juan Marichal,SFG,5.9
1968,Tom Seaver,NYM,5.8
1968,Gaylord Perry,SFG,5.5
1968,Ray Sadecki,SFG,4.6
1968,Dave McNally,BAL,4.5
1968,Stan Bahnsen,NYY,4.4
1968,Jim Merritt,MIN,4.4
1968,Pat Jarvis,ATL,4.3
1968,Tom Phoebus,BAL,4.2
1968,Bill Singer,LAD,4.2
1968,Steve Carlton,STL,4.0
1968,Don Sutton,LAD,4.0
1968,Jim Kaat,MIN,3.9
1968,Dave Giusti,HOU,3.8
1968,Don Wilson,HOU,3.8
1968,Ray Culp,BOS,3.8
1968,Jim Nash,OAK,3.7
1968,Ray Washburn,STL,3.7
1968,Larry Jackson,PHI,3.6
1968,Phil Niekro,ATL,3.6
1968,Bob Moose,PIT,3.6
1968,Fritz Peterson,NYY,3.6
1968,Earl Wilson,DET,3.6
1968,Gary Bell,BOS,3.6
1969,Sam McDowell,CLE,9.4
1969,Bob Gibson,STL,8.8
1969,Fergie Jenkins,CHC,8.2
1969,Juan Marichal,SFG,7.8
1969,Larry Dierker,HOU,7.3
1969,Denny McLain,DET,7.0
1969,Fritz Peterson,NYY,6.8
1969,Mike Cuellar,BAL,6.6
1969,Bill Hands,CHC,6.5
1969,Phil Niekro,ATL,6.3
1969,Bill Singer,LAD,6.1
1969,Mickey Lolich,DET,6.0
1969,Bob Veale,PIT,6.0
1969,Gaylord Perry,SFG,5.9
1969,Claude Osteen,LAD,5.5
1969,Jim Perry,MIN,5.5
1969,Jerry Koosman,NYM,5.4
1969,Dave Boswell,MIN,5.2
1969,Ken Holtzman,CHC,5.1
1969,Andy Messersmith,CAL,5.0
1969,Steve Carlton,STL,4.9
1969,Dave McNally,BAL,4.7
1969,Tom Seaver,NYM,4.4
1969,Don Wilson,HOU,4.4
1969,Grant Jackson,PHI,4.3
1969,Dick Bosman,WAS,4.2
1969,Dock Ellis,PIT,4.2
1969,Ray Culp,BOS,4.1
1969,Chuck Dobson,OAK,3.9
1969,Ron Reed,ATL,3.9
1970,Bob Gibson,STL,9.8
1970,Fergie Jenkins,CHC,9.5
1970,Tom Seaver,NYM,8.3
1970,Sam McDowell,CLE,7.6
1970,Jim Perry,MIN,6.7
1970,Bill Hands,CHC,6.4
1970,Gaylord Perry,SFG,6.3
1970,Jim Palmer,BAL,6.2
1970,Ken Holtzman,CHC,5.8
1970,Pat Jarvis,ATL,5.5
1970,Ray Culp,BOS,5.3
1970,Mickey Lolich,DET,5.1
1970,Dave McNally,BAL,4.9
1970,Mike Cuellar,BAL,4.8
1970,Bob Johnson,KCR,4.6
1970,Tommy John,CHW,4.4
1970,Fritz Peterson,NYY,4.4
1970,Marty Pattin,MIL,4.3
1970,Dick Bosman,WAS,4.1
1970,Jim Bunning,PHI,4.1
1970,Gary Peters,BOS,4.1
1970,Jim Merritt,CIN,3.9
1970,Chris Short,PHI,3.9
1970,Rick Wise,PHI,3.8
1970,Dick Drago,KCR,3.8
1970,Bob Veale,PIT,3.7
1970,Jack Billingham,HOU,3.7
1970,Steve Carlton,STL,3.6
1970,Larry Dierker,HOU,3.6
1970,Bert Blyleven,MIN,3.6
1971,Fergie Jenkins,CHC,9.6
1971,Tom Seaver,NYM,9.1
1971,Vida Blue,OAK,8.8
1971,Wilbur Wood,CHW,8.7
1971,Mickey Lolich,DET,8.3
1971,Tom Bradley,CHW,7.7
1971,Bert Blyleven,MIN,7.5
1971,Don Sutton,LAD,7.1
1971,Joe Coleman,DET,7.1
1971,Jim Kaat,MIN,5.9
1971,Pat Dobson,BAL,5.6
1971,Dave Roberts,SDP,5.4
1971,Bob Gibson,STL,5.2
1971,Don Wilson,HOU,5.0
1971,Gary Nolan,CIN,4.9
1971,Gaylord Perry,SFG,4.7
1971,Dick Drago,KCR,4.7
1971,Rick Wise,PHI,4.6
1971,Jim Palmer,BAL,4.6
1971,Bill Stoneman,MON,4.6
1971,Ray Culp,BOS,4.6
1971,Tommy John,CHW,4.5
1971,Sonny Siebert,BOS,4.4
1971,Clay Kirby,SDP,4.4
1971,Mel Stottlemyre,NYY,4.4
1971,Phil Niekro,ATL,4.3
1971,Fritz Peterson,NYY,4.1
1971,Jack Billingham,HOU,4.1
1971,Ken Forsch,HOU,4.1
1971,Juan Marichal,SFG,4.0
1972,Steve Carlton,PHI,11.1
1972,Gaylord Perry,CLE,8.1
1972,Don Sutton,LAD,6.8
1972,Bob Gibson,STL,6.4
1972,Mickey Lolich,DET,6.1
1972,Wilbur Wood,CHW,6.1
1972,Phil Niekro,ATL,6.0
1972,Bert Blyleven,MIN,5.9
1972,Tom Bradley,CHW,5.9
1972,Tom Seaver,NYM,5.6
1972,Nolan Ryan,CAL,5.4
1972,Bob Moose,PIT,5.2
1972,Pat Dobson,BAL,4.9
1972,Jon Matlack,NYM,4.9
1972,Fergie Jenkins,CHC,4.8
1972,Rick Wise,STL,4.8
1972,Marty Pattin,BOS,4.6
1972,Catfish Hunter,OAK,4.5
1972,Jim Palmer,BAL,4.4
1972,Don Wilson,HOU,4.4
1972,Burt Hooton,CHC,4.1
1972,Bill Stoneman,MON,4.1
1972,Dock Ellis,PIT,3.9
1972,Joe Coleman,DET,3.9
1972,Paul Splittorff,KCR,3.9
1972,Bill Hands,CHC,3.8
1972,Luis Tiant,BOS,3.6
1972,Nelson Briles,PIT,3.5
1972,Reggie Cleveland,STL,3.5
1972,Andy Messersmith,CAL,3.5
1973,Bert Blyleven,MIN,10.8
1973,Nolan Ryan,CAL,8.7
1973,Wilbur Wood,CHW,7.4
1973,Tom Seaver,NYM,7.3
1973,Bill Singer,CAL,6.2
1973,Rick Reuschel,CHC,6.1
1973,Don Sutton,LAD,6.0
1973,Gaylord Perry,CLE,5.7
1973,Mickey Lolich,DET,5.4
1973,Burt Hooton,CHC,5.3
1973,Bill Lee,BOS,5.2
1973,Rick Wise,STL,5.1
1973,Jim Colborn,MIL,5.1
1973,Ken Holtzman,OAK,5.0
1973,Luis Tiant,BOS,5.0
1973,Jon Matlack,NYM,4.7
1973,Jim Palmer,BAL,4.6
1973,Steve Carlton,PHI,4.5
1973,Bob Gibson,STL,4.5
1973,Dock Ellis,PIT,4.4
1973,Carl Morton,ATL,4.4
1973,Jerry Koosman,NYM,4.4
1973,Joe Coleman,DET,4.4
1973,Reggie Cleveland,STL,4.3
1973,Dave Roberts,HOU,4.2
1973,Fergie Jenkins,CHC,4.2
1973,Mel Stottlemyre,NYY,4.1
1973,Steve Busby,KCR,4.1
1973,Paul Splittorff,KCR,4.1
1973,Jerry Reuss,HOU,4.0
1974,Bert Blyleven,MIN,8.1
1974,Fergie Jenkins,TEX,7.4
1974,Jon Matlack,NYM,7.2
1974,Phil Niekro,ATL,6.8
1974,Nolan Ryan,CAL,6.3
1974,Luis Tiant,BOS,6.1
1974,Steve Busby,KCR,5.9
1974,Catfish Hunter,OAK,5.8
1974,Gaylord Perry,CLE,5.8
1974,Carl Morton,ATL,5.5
1974,Andy Messersmith,LAD,5.2
1974,Ken Holtzman,OAK,5.2
1974,Vida Blue,OAK,5.1
1974,Jerry Koosman,NYM,5.1
1974,Bill Bonham,CHC,5.0
1974,Jim Rooker,PIT,5.0
1974,Steve Carlton,PHI,4.9
1974,Jim Kaat,CHW,4.8
1974,Tom Seaver,NYM,4.7
1974,Rick Reuschel,CHC,4.4
1974,Don Sutton,LAD,4.3
1974,Wilbur Wood,CHW,4.3
1974,Mike Marshall,LAD,4.1
1974,Mickey Lolich,DET,4.1
1974,Pat Dobson,NYY,4.1
1974,Steve Rogers,MON,4.0
1974,Jim Lonborg,PHI,4.0
1974,Jim Perry,CLE,3.9
1974,Buzz Capra,ATL,3.9
1974,Don Gullett,CIN,3.9
1975,Tom Seaver,NYM,7.8
1975,Frank Tanana,CAL,7.2
1975,Gaylord Perry,N/A,7.0
1975,Jim Palmer,BAL,6.9
1975,Ron Reed,N/A,6.9
1975,Bert Blyleven,MIN,6.2
1975,John Montefusco,SFG,6.0
1975,Andy Messersmith,LAD,5.9
1975,Catfish Hunter,NYY,5.7
1975,Don Sutton,LAD,5.4
1975,Vida Blue,OAK,5.1
1975,Jim Kaat,CHW,5.1
1975,Mickey Lolich,DET,4.9
1975,Doug Rau,LAD,4.8
1975,Rick Reuschel,CHC,4.7
1975,Steve Busby,KCR,4.7
1975,Jerry Reuss,PIT,4.6
1975,Jon Matlack,NYM,4.4
1975,Randy Jones,SDP,4.3
1975,Steve Rogers,MON,4.2
1975,Luis Tiant,BOS,4.2
1975,Ed Figueroa,CAL,4.2
1975,Dave Goltz,MIN,4.0
1975,Rudy May,NYY,4.0
1975,Burt Hooton,N/A,3.9
1975,Bill Bonham,CHC,3.7
1975,Doc Medich,NYY,3.7
1975,Ken Holtzman,OAK,3.6
1975,Phil Niekro,ATL,3.6
1975,Carl Morton,ATL,3.5
1976,Vida Blue,OAK,7.6
1976,Tom Seaver,NYM,6.8
1976,Bert Blyleven,N/A,6.7
1976,Frank Tanana,CAL,6.0
1976,Nolan Ryan,CAL,5.3
1976,John Montefusco,SFG,5.2
1976,Steve Carlton,PHI,5.1
1976,Gaylord Perry,TEX,5.1
1976,Jerry Koosman,NYM,4.9
1976,Rick Reuschel,CHC,4.8
1976,Steve Rogers,MON,4.8
1976,Mark Fidrych,DET,4.7
1976,Randy Jones,SDP,4.6
1976,Dennis Eckersley,CLE,4.6
1976,Jon Matlack,NYM,4.4
1976,Phil Niekro,ATL,4.3
1976,Jim Palmer,BAL,4.2
1976,Jim Slaton,MIL,4.1
1976,Catfish Hunter,NYY,3.9
1976,Dick Ruthven,ATL,3.9
1976,Dennis Leonard,KCR,3.8
1976,Al Fitzmorris,KCR,3.7
1976,Fergie Jenkins,BOS,3.7
1976,Luis Tiant,BOS,3.7
1976,Andy Messersmith,ATL,3.7
1976,Pat Zachry,CIN,3.6
1976,Pat Dobson,CLE,3.6
1976,Jim Barr,SFG,3.6
1976,Tommy John,LAD,3.5
1976,Ed Halicki,SFG,3.3
1977,Dennis Leonard,KCR,7.9
1977,Steve Rogers,MON,7.0
1977,Nolan Ryan,CAL,6.6
1977,Rick Reuschel,CHC,6.5
1977,Tom Seaver,N/A,6.2
1977,Dave Goltz,MIN,6.0
1977,Phil Niekro,ATL,5.9
1977,Frank Tanana,CAL,5.8
1977,Ron Guidry,NYY,5.7
1977,Jim Palmer,BAL,5.5
1977,Gaylord Perry,TEX,5.2
1977,Burt Hooton,LAD,5.2
1977,Steve Carlton,PHI,5.1
1977,Tommy John,LAD,5.1
1977,J.R. Richard,HOU,5.0
1977,Vida Blue,OAK,4.9
1977,Bert Blyleven,TEX,4.9
1977,Dennis Eckersley,CLE,4.6
1977,Jerry Koosman,NYM,4.6
1977,Mike Flanagan,BAL,4.4
1977,Doug Rau,LAD,4.3
1977,Wayne Garland,CLE,4.1
1977,Bill Bonham,CHC,4.1
1977,Jerry Reuss,PIT,3.9
1977,Jim Bibby,CLE,3.8
1977,Don Sutton,LAD,3.8
1977,Paul Splittorff,KCR,3.7
1977,Rick Langford,OAK,3.5
1977,Ken Kravec,CHW,3.4
1977,Dave Lemanczyk,TOR,3.4
1978,Ron Guidry,NYY,9.1
1978,Phil Niekro,ATL,8.6
1978,Jon Matlack,TEX,6.8
1978,J.R. Richard,HOU,6.4
1978,Mike Caldwell,MIL,6.3
1978,Gaylord Perry,SDP,5.9
1978,Vida Blue,SFG,5.6
1978,Fergie Jenkins,TEX,5.3
1978,Bert Blyleven,PIT,5.2
1978,Nolan Ryan,CAL,5.0
1978,Lary Sorensen,MIL,5.0
1978,Dennis Leonard,KCR,4.7
1978,Larry Christenson,PHI,4.6
1978,Bob Knepper,SFG,4.5
1978,Mike Flanagan,BAL,4.5
1978,Rick Reuschel,CHC,4.5
1978,Tom Seaver,CIN,4.4
1978,Dave Goltz,MIN,4.4
1978,Jim Palmer,BAL,4.4
1978,Pete Vuckovich,STL,4.3
1978,Tommy John,LAD,4.3
1978,Randy Jones,SDP,4.1
1978,Dennis Eckersley,BOS,3.9
1978,Roger Erickson,MIN,3.9
1978,Dennis Martinez,BAL,3.8
1978,Craig Swan,NYM,3.8
1978,Steve Rogers,MON,3.7
1978,Scott McGregor,BAL,3.5
1978,Dick Ruthven,N/A,3.4
1978,Geoff Zahn,MIN,3.4
1979,J.R. Richard,HOU,8.9
1979,Tommy John,NYY,6.9
1979,Ron Guidry,NYY,6.2
1979,Mike Flanagan,BAL,6.0
1979,Jerry Koosman,MIN,5.5
1979,Nolan Ryan,CAL,5.1
1979,Dave Goltz,MIN,4.6
1979,Burt Hooton,LAD,4.4
1979,Craig Swan,NYM,4.4
1979,Dennis Eckersley,BOS,4.4
1979,Mike Caldwell,MIL,4.4
1979,Mike Parrott,SEA,4.3
1979,Gaylord Perry,SDP,4.3
1979,Dennis Martinez,BAL,4.3
1979,Steve Carlton,PHI,4.3
1979,Steve Rogers,MON,4.2
1979,Phil Niekro,ATL,4.1
1979,Bob Stanley,BOS,4.0
1979,Rick Reuschel,CHC,3.9
1979,Tom Seaver,CIN,3.9
1979,Dave Frost,CAL,3.8
1979,Don Sutton,LAD,3.7
1979,Jack Morris,DET,3.6
1979,Randy Jones,SDP,3.6
1979,Jim Slaton,MIL,3.5
1979,Bert Blyleven,PIT,3.4
1979,Mike Torrez,BOS,3.3
1979,Dennis Lamp,CHC,3.3
1979,Rick Wise,CLE,3.2
1979,Rick Langford,OAK,3.1
1980,Steve Carlton,PHI,8.8
1980,Mike Norris,OAK,6.0
1980,Jon Matlack,TEX,5.2
1980,Len Barker,CLE,5.2
1980,Scott McGregor,BAL,4.9
1980,Tommy John,NYY,4.7
1980,Rick Reuschel,CHC,4.7
1980,Jerry Reuss,LAD,4.6
1980,Nolan Ryan,HOU,4.5
1980,Britt Burns,CHW,4.5
1980,Dave Stieb,TOR,4.3
1980,Floyd Bannister,SEA,4.2
1980,Larry Gura,KCR,4.1
1980,Rudy May,NYY,4.1
1980,John Candelaria,PIT,4.0
1980,Moose Haas,MIL,4.0
1980,Steve Rogers,MON,4.0
1980,Ron Guidry,NYY,3.9
1980,Bert Blyleven,PIT,3.9
1980,Jerry Koosman,MIN,3.8
1980,Jack Morris,DET,3.7
1980,Gaylord Perry,N/A,3.7
1980,Phil Niekro,ATL,3.7
1980,Geoff Zahn,MIN,3.6
1980,Bob Forsch,STL,3.5
1980,Frank Tanana,CAL,3.5
1980,Dennis Leonard,KCR,3.5
1980,Joe Niekro,HOU,3.4
1980,Frank Pastore,CIN,3.4
1980,Rick Langford,OAK,3.4
1981,Steve Carlton,PHI,5.3
1981,Fernando Valenzuela,LAD,4.9
1981,Bill Gullickson,MON,4.8
1981,Len Barker,CLE,4.6
1981,Don Sutton,HOU,3.9
1981,Bert Blyleven,CLE,3.9
1981,Nolan Ryan,HOU,3.8
1981,Dennis Leonard,KCR,3.7
1981,Mario Soto,CIN,3.3
1981,Burt Hooton,LAD,3.3
1981,Dennis Eckersley,BOS,3.2
1981,Ken Forsch,CAL,3.1
1981,Steve Rogers,MON,3.0
1981,Rick Reuschel,N/A,3.0
1981,Lary Sorensen,STL,3.0
1981,Dave Stieb,TOR,2.9
1981,Dennis Martinez,BAL,2.8
1981,Milt Wilcox,DET,2.8
1981,Gaylord Perry,ATL,2.8
1981,Ron Guidry,NYY,2.8
1981,Bob Knepper,HOU,2.7
1981,Jack Morris,DET,2.7
1981,Steve McCatty,OAK,2.7
1981,Larry Gura,KCR,2.7
1981,Doc Medich,TEX,2.6
1981,Jerry Reuss,LAD,2.5
1981,Rick Langford,OAK,2.5
1981,Scott McGregor,BAL,2.4
1981,Britt Burns,CHW,2.4
1981,Rudy May,NYY,2.4
1982,Steve Carlton,PHI,8.2
1982,Mario Soto,CIN,7.4
1982,Steve Rogers,MON,6.4
1982,Fernando Valenzuela,LAD,6.1
1982,Len Barker,CLE,5.8
1982,Joaquin Andujar,STL,5.5
1982,Jerry Reuss,LAD,5.5
1982,LaMarr Hoyt,CHW,5.3
1982,Floyd Bannister,SEA,4.9
1982,Dave Stieb,TOR,4.8
1982,Don Sutton,N/A,4.6
1982,Dan Petry,DET,4.4
1982,Jim Clancy,TOR,4.3
1982,Bruce Berenyi,CIN,4.3
1982,Larry Christenson,PHI,4.2
1982,Jim Beattie,SEA,4.2
1982,Joe Niekro,HOU,4.2
1982,Ron Guidry,NYY,4.0
1982,Tommy John,N/A,3.9
1982,Mike Witt,CAL,3.8
1982,Mike Krukow,PHI,3.8
1982,John Candelaria,PIT,3.7
1982,Jerry Koosman,CHW,3.7
1982,Moose Haas,MIL,3.6
1982,Rick Rhoden,PIT,3.6
1982,Nolan Ryan,HOU,3.5
1982,John Tudor,BOS,3.5
1982,Geoff Zahn,CAL,3.5
1982,Rick Sutcliffe,CLE,3.5
1982,Luis Leal,TOR,3.4
1983,Steve Carlton,PHI,7.4
1983,Jack Morris,DET,6.2
1983,John Denny,PHI,5.8
1983,Dave Righetti,NYY,5.4
1983,LaMarr Hoyt,CHW,5.4
1983,Dave Stieb,TOR,5.1
1983,Floyd Bannister,CHW,5.0
1983,Rick Rhoden,PIT,5.0
1983,Steve Rogers,MON,4.9
1983,Jerry Reuss,LAD,4.8
1983,Atlee Hammaker,SFG,4.6
1983,John Candelaria,PIT,4.5
1983,Mario Soto,CIN,4.5
1983,Jim Beattie,SEA,4.5
1983,Larry McWilliams,PIT,4.3
1983,Fernando Valenzuela,LAD,4.2
1983,Alejandro Pena,LAD,4.1
1983,Mike Smithson,TEX,4.0
1983,Pascual Perez,ATL,4.0
1983,Ron Guidry,NYY,3.9
1983,Mike Boddicker,BAL,3.8
1983,Storm Davis,BAL,3.7
1983,Scott McGregor,BAL,3.7
1983,Bob Welch,LAD,3.7
1983,Bill Gullickson,MON,3.4
1983,Nolan Ryan,HOU,3.4
1983,Don Sutton,MIL,3.4
1983,Matt Young,SEA,3.3
1983,Tommy John,CAL,3.3
1983,Charlie Hough,TEX,3.2
1984,Dwight Gooden,NYM,8.3
1984,Rick Sutcliffe,N/A,6.0
1984,Mike Witt,CAL,5.9
1984,Dave Stieb,TOR,5.6
1984,Fernando Valenzuela,LAD,5.2
1984,Doyle Alexander,TOR,5.0
1984,Bert Blyleven,CLE,5.0
1984,Storm Davis,BAL,4.7
1984,Alejandro Pena,LAD,4.7
1984,Jerry Koosman,PHI,4.7
1984,Mark Langston,SEA,4.4
1984,Rick Rhoden,PIT,4.3
1984,Bud Black,KCR,4.3
1984,Dan Petry,DET,4.2
1984,Mike Moore,SEA,4.2
1984,Jim Beattie,SEA,4.1
1984,Nolan Ryan,HOU,4.0
1984,Jack Morris,DET,4.0
1984,Orel Hershiser,LAD,4.0
1984,Steve Carlton,PHI,3.9
1984,Phil Niekro,NYY,3.8
1984,Danny Darwin,TEX,3.7
1984,Oil Can Boyd,BOS,3.6
1984,Geoff Zahn,CAL,3.6
1984,Mike Boddicker,BAL,3.6
1984,Milt Wilcox,DET,3.6
1984,Frank Viola,MIN,3.5
1984,Rick Mahler,ATL,3.4
1984,Steve Trout,CHC,3.4
1984,John Butcher,MIN,3.3
1985,Dwight Gooden,NYM,8.9
1985,Bert Blyleven,N/A,7.0
1985,John Tudor,STL,6.4
1985,Bret Saberhagen,KCR,6.2
1985,Mike Moore,SEA,5.9
1985,Orel Hershiser,LAD,5.4
1985,Fernando Valenzuela,LAD,5.4
1985,Rick Reuschel,PIT,5.2
1985,Bryn Smith,MON,5.1
1985,Ron Guidry,NYY,4.9
1985,Walt Terrell,DET,4.8
1985,Mike Witt,CAL,4.7
1985,Jack Morris,DET,4.7
1985,Oil Can Boyd,BOS,4.6
1985,Danny Jackson,KCR,4.6
1985,Dave Stieb,TOR,4.5
1985,Nolan Ryan,HOU,4.4
1985,Dennis Eckersley,CHC,4.3
1985,Charlie Leibrandt,KCR,4.1
1985,Doyle Alexander,TOR,4.0
1985,Tom Seaver,CHW,3.9
1985,Frank Viola,MIN,3.9
1985,Britt Burns,CHW,3.8
1985,Mike Boddicker,BAL,3.8
1985,Charlie Hough,TEX,3.6
1985,Bud Black,KCR,3.6
1985,Frank Tanana,N/A,3.6
1985,Kevin Gross,PHI,3.6
1985,Matt Young,SEA,3.5
1985,Mike Krukow,SFG,3.5
1986,Mike Scott,HOU,8.6
1986,Roger Clemens,BOS,7.1
1986,Mike Witt,CAL,6.7
1986,Fernando Valenzuela,LAD,6.2
1986,Kirk McCaskill,CAL,5.6
1986,Bob Welch,LAD,5.4
1986,Teddy Higuera,MIL,5.1
1986,Dwight Gooden,NYM,4.8
1986,Rick Rhoden,PIT,4.6
1986,Tom Candiotti,CLE,4.3
1986,Mike Krukow,SFG,4.2
1986,Bruce Hurst,BOS,4.2
1986,Bob Ojeda,NYM,4.2
1986,Mark Langston,SEA,4.1
1986,Jack Morris,DET,4.0
1986,Sid Fernandez,NYM,4.0
1986,Doyle Alexander,N/A,3.9
1986,Dennis Eckersley,CHC,3.7
1986,Mike Moore,SEA,3.7
1986,Charlie Leibrandt,KCR,3.7
1986,Orel Hershiser,LAD,3.6
1986,Bob Knepper,HOU,3.5
1986,Ron Darling,NYM,3.5
1986,Jimmy Key,TOR,3.4
1986,Floyd Youmans,MON,3.4
1986,Ed Correa,TEX,3.4
1986,Zane Smith,ATL,3.3
1986,Danny Darwin,N/A,3.2
1986,Nolan Ryan,HOU,3.2
1986,Bill Gullickson,CIN,3.2
1987,Roger Clemens,BOS,8.4
1987,Teddy Higuera,MIL,6.7
1987,Nolan Ryan,HOU,6.4
1987,Mark Langston,SEA,6.4
1987,Jimmy Key,TOR,5.6
1987,Orel Hershiser,LAD,5.6
1987,Frank Viola,MIN,5.4
1987,Mike Scott,HOU,5.4
1987,Bret Saberhagen,KCR,5.2
1987,Jim Clancy,TOR,5.0
1987,Rick Reuschel,N/A,5.0
1987,Dave Stewart,OAK,4.8
1987,Dwight Gooden,NYM,4.5
1987,Bob Welch,LAD,4.5
1987,Charlie Leibrandt,KCR,4.4
1987,Danny Jackson,KCR,4.3
1987,Jack Morris,DET,4.1
1987,Frank Tanana,DET,4.1
1987,Mike Witt,CAL,4.0
1987,Mark Gubicza,KCR,3.8
1987,Chris Bosio,MIL,3.7
1987,Charlie Hough,TEX,3.7
1987,Zane Smith,ATL,3.7
1987,Tommy John,NYY,3.5
1987,Bruce Hurst,BOS,3.5
1987,Rick Sutcliffe,CHC,3.4
1987,Bob Sebra,MON,3.4
1987,Kelly Downs,SFG,3.3
1987,Mike Boddicker,BAL,3.3
1987,Walt Terrell,DET,3.2
1988,Roger Clemens,BOS,9.2
1988,Greg Swindell,CLE,6.3
1988,Frank Viola,MIN,6.3
1988,Mark Gubicza,KCR,6.2
1988,Dwight Gooden,NYM,6.0
1988,Teddy Higuera,MIL,5.9
1988,Bret Saberhagen,KCR,5.5
1988,David Cone,NYM,5.3
1988,Danny Jackson,CIN,5.2
1988,Dave Stewart,OAK,5.1
1988,Bob Ojeda,NYM,5.1
1988,Tim Leary,LAD,4.7
1988,Mike Moore,SEA,4.6
1988,Jose DeLeon,STL,4.6
1988,Tom Candiotti,CLE,4.5
1988,Mike Witt,CAL,4.4
1988,Rick Mahler,ATL,4.3
1988,Tim Belcher,LAD,4.1
1988,Mike Boddicker,N/A,4.0
1988,Mark Langston,SEA,4.0
1988,Orel Hershiser,LAD,4.0
1988,Jack Morris,DET,4.0
1988,Rick Reuschel,SFG,3.9
1988,Bruce Hurst,BOS,3.8
1988,Jose Rijo,CIN,3.8
1988,Greg Maddux,CHC,3.7
1988,Mike Scott,HOU,3.5
1988,Allan Anderson,MIN,3.5
1988,John Smiley,PIT,3.5
1988,Nolan Ryan,HOU,3.4
1989,Bret Saberhagen,KCR,7.5
1989,Nolan Ryan,TEX,7.0
1989,Mark Gubicza,KCR,6.3
1989,Orel Hershiser,LAD,5.6
1989,Chris Bosio,MIL,5.5
1989,Bert Blyleven,CAL,5.3
1989,Bruce Hurst,SDP,5.2
1989,Roger Clemens,BOS,5.1
1989,Frank Viola,N/A,5.0
1989,Mark Langston,N/A,4.8
1989,Joe Magrane,STL,4.7
1989,Jose DeLeon,STL,4.6
1989,Jimmy Key,TOR,4.6
1989,Mike Moore,OAK,4.4
1989,Tom Candiotti,CLE,4.4
1989,John Smoltz,ATL,4.0
1989,Pascual Perez,MON,3.9
1989,Scott Garrelts,SFG,3.8
1989,Chuck Finley,CAL,3.8
1989,Ken Howell,PHI,3.7
1989,Rick Sutcliffe,CHC,3.7
1989,Greg Maddux,CHC,3.7
1989,Scott Bankhead,SEA,3.5
1989,Bud Black,CLE,3.4
1989,David Cone,NYM,3.3
1989,Tim Belcher,LAD,3.3
1989,Greg Swindell,CLE,3.3
1989,Dave Stewart,OAK,3.2
1989,Kirk McCaskill,CAL,3.2
1989,John Farrell,CLE,3.2
1990,Roger Clemens,BOS,8.2
1990,Dwight Gooden,NYM,6.8
1990,Erik Hanson,SEA,6.6
1990,Frank Viola,NYM,5.8
1990,Ed Whitson,SDP,5.2
1990,Nolan Ryan,TEX,5.2
1990,Greg Maddux,CHC,5.1
1990,Bobby Witt,TEX,5.0
1990,David Cone,NYM,5.0
1990,Ramon Martinez,LAD,4.9
1990,Dave Stewart,OAK,4.9
1990,Chuck Finley,CAL,4.8
1990,Dennis Martinez,MON,4.6
1990,Mark Langston,CAL,4.6
1990,Jose Rijo,CIN,4.5
1990,Dave Stieb,TOR,4.3
1990,Doug Drabek,PIT,4.2
1990,Mike Boddicker,BOS,4.1
1990,Bruce Hurst,SDP,4.0
1990,Zane Smith,N/A,4.0
1990,David Wells,TOR,3.8
1990,Matt Young,SEA,3.7
1990,John Smoltz,ATL,3.6
1990,Greg Hibbard,CHW,3.5
1990,Melido Perez,CHW,3.4
1990,Joe Magrane,STL,3.4
1990,Jack Armstrong,CIN,3.3
1990,Charlie Leibrandt,ATL,3.2
1990,Sid Fernandez,NYM,3.2
1990,Kevin Appier,KCR,3.2
1991,Roger Clemens,BOS,8.5
1991,David Cone,NYM,6.5
1991,Jose Rijo,CIN,6.1
1991,Greg Swindell,CLE,5.9
1991,Greg Maddux,CHC,5.8
1991,Tom Candiotti,N/A,5.8
1991,Jim Abbott,CAL,5.5
1991,Tom Glavine,ATL,5.4
1991,Jimmy Key,TOR,5.3
1991,Jack McDowell,CHW,5.2
1991,Nolan Ryan,TEX,4.9
1991,Kevin Appier,KCR,4.7
1991,Zane Smith,PIT,4.6
1991,Terry Mulholland,PHI,4.6
1991,Kevin Tapani,MIN,4.6
1991,Mike Morgan,LAD,4.5
1991,Bret Saberhagen,KCR,4.4
1991,Scott Sanderson,NYY,4.2
1991,Dennis Martinez,MON,4.2
1991,Tim Belcher,LAD,4.1
1991,Jack Morris,MIN,4.1
1991,Dwight Gooden,NYM,4.0
1991,Bruce Hurst,SDP,3.9
1991,Doug Drabek,PIT,3.9
1991,John Smoltz,ATL,3.7
1991,Charlie Leibrandt,ATL,3.6
1991,Andy Benes,SDP,3.6
1991,Erik Hanson,SEA,3.5
1991,Bill Gullickson,DET,3.4
1991,John Smiley,PIT,3.4
1992,Roger Clemens,BOS,7.6
1992,Charles Nagy,CLE,7.0
1992,Greg Maddux,CHC,7.0
1992,Kevin Brown,TEX,6.3
1992,Melido Perez,NYY,5.9
1992,Juan Guzman,TOR,5.5
1992,Mark Langston,CAL,5.4
1992,Mike Mussina,BAL,5.3
1992,David Cone,N/A,5.2
1992,Jose Rijo,CIN,5.1
1992,John Smiley,MIN,5.0
1992,John Smoltz,ATL,5.0
1992,Sid Fernandez,NYM,4.9
1992,Jack McDowell,CHW,4.8
1992,Kevin Appier,KCR,4.8
1992,Doug Drabek,PIT,4.8
1992,Andy Benes,SDP,4.7
1992,Jose Guzman,TEX,4.7
1992,Tom Glavine,ATL,4.6
1992,Greg Swindell,CIN,4.6
1992,Kevin Tapani,MIN,4.5
1992,Jim Abbott,CAL,4.4
1992,Dave Fleming,SEA,4.4
1992,Curt Schilling,PHI,4.2
1992,Jaime Navarro,MIL,4.0
1992,Bob Tewksbury,STL,4.0
1992,Terry Mulholland,PHI,3.8
1992,Dennis Martinez,MON,3.8
1992,Chris Bosio,MIL,3.8
1992,Frank Viola,BOS,3.7
1993,Greg Maddux,ATL,7.5
1993,Jose Rijo,CIN,7.1
1993,Randy Johnson,SEA,7.0
1993,Kevin Appier,KCR,6.8
1993,Mark Langston,CAL,5.6
1993,Jimmy Key,NYY,5.2
1993,Jack McDowell,CHW,5.2
1993,Chuck Finley,CAL,5.1
1993,Steve Avery,ATL,5.1
1993,Erik Hanson,SEA,4.9
1993,Tommy Greene,PHI,4.8
1993,Curt Schilling,PHI,4.5
1993,John Burkett,SFG,4.5
1993,Bill Swift,SFG,4.5
1993,Ben McDonald,BAL,4.5
1993,Kevin Brown,TEX,4.4
1993,Juan Guzman,TOR,4.3
1993,Bob Tewksbury,STL,4.3
1993,Kevin Tapani,MIN,4.3
1993,Tom Candiotti,LAD,4.2
1993,Doug Drabek,HOU,4.1
1993,Alex Fernandez,CHW,4.1
1993,John Smoltz,ATL,3.9
1993,David Cone,KCR,3.9
1993,Dwight Gooden,NYM,3.7
1993,Roger Clemens,BOS,3.7
1993,Kenny Rogers,TEX,3.6
1993,Andy Benes,SDP,3.5
1993,Mark Portugal,HOU,3.4
1993,Scott Erickson,MIN,3.3
1994,Greg Maddux,ATL,7.4
1994,Bret Saberhagen,NYM,5.4
1994,Randy Johnson,SEA,5.2
1994,Jack McDowell,CHW,4.9
1994,Roger Clemens,BOS,4.2
1994,Andy Benes,SDP,4.2
1994,Jose Rijo,CIN,4.1
1994,Kevin Appier,KCR,4.0
1994,Jimmy Key,NYY,4.0
1994,Danny Jackson,PHI,3.9
1994,David Cone,KCR,3.8
1994,Tom Glavine,ATL,3.6
1994,Dennis Martinez,CLE,3.6
1994,Pat Hentgen,TOR,3.5
1994,Charles Nagy,CLE,3.5
1994,Mike Mussina,BAL,3.4
1994,Kevin Gross,LAD,3.4
1994,Kevin Brown,TEX,3.4
1994,Chuck Finley,CAL,3.4
1994,Pedro Martinez,MON,3.4
1994,Kevin Tapani,MIN,3.4
1994,Andy Ashby,SDP,3.2
1994,Erik Hanson,CIN,3.1
1994,Ben McDonald,BAL,3.0
1994,Doug Drabek,HOU,2.9
1994,Jeff Fassero,MON,2.9
1994,Wilson Alvarez,CHW,2.8
1994,Shane Reynolds,HOU,2.7
1994,Mark Gubicza,KCR,2.7
1994,Melido Perez,NYY,2.6
1995,Randy Johnson,SEA,9.5
1995,Greg Maddux,ATL,7.9
1995,Kevin Appier,KCR,5.3
1995,Hideo Nomo,LAD,5.2
1995,Mike Mussina,BAL,5.1
1995,Shane Reynolds,HOU,4.9
1995,John Smoltz,ATL,4.6
1995,Alex Fernandez,CHW,4.5
1995,Kevin Brown,BAL,4.5
1995,David Cone,N/A,4.5
1995,Chuck Finley,CAL,4.4
1995,John Smiley,CIN,4.3
1995,Tom Glavine,ATL,4.3
1995,Pete Schourek,CIN,4.2
1995,Denny Neagle,PIT,4.2
1995,Erik Hanson,BOS,4.1
1995,Mark Langston,CAL,4.1
1995,Todd Stottlemyre,OAK,4.1
1995,Ismael Valdez,LAD,3.8
1995,David Wells,N/A,3.7
1995,Bobby Witt,N/A,3.6
1995,Jeff Fassero,MON,3.6
1995,Jim Abbott,N/A,3.5
1995,Tom Gordon,KCR,3.5
1995,Jack McDowell,NYY,3.5
1995,Scott Erickson,N/A,3.4
1995,Andy Benes,N/A,3.3
1995,Dennis Martinez,CLE,3.3
1995,Jaime Navarro,CHC,3.3
1995,Andy Ashby,SDP,3.3
1996,John Smoltz,ATL,8.4
1996,Greg Maddux,ATL,7.8
1996,Roger Clemens,BOS,6.8
1996,Kevin Brown,FLA,6.7
1996,Kevin Appier,KCR,6.3
1996,Pat Hentgen,TOR,6.0
1996,Jeff Fassero,MON,5.9
1996,Ken Hill,TEX,5.6
1996,Shane Reynolds,HOU,5.5
1996,Charles Nagy,CLE,5.4
1996,Mike Mussina,BAL,5.3
1996,Tom Glavine,ATL,5.3
1996,Pedro Martinez,MON,5.1
1996,Chuck Finley,CAL,5.0
1996,Alex Fernandez,CHW,4.7
1996,Curt Schilling,PHI,4.7
1996,Juan Guzman,TOR,4.6
1996,Andy Pettitte,NYY,4.6
1996,John Burkett,N/A,4.6
1996,John Smiley,CIN,4.5
1996,Ismael Valdez,LAD,4.4
1996,Hideo Nomo,LAD,4.4
1996,Wilson Alvarez,CHW,4.2
1996,Ben McDonald,MIL,4.2
1996,Chris Haney,KCR,3.9
1996,Orel Hershiser,CLE,3.8
1996,Tim Belcher,KCR,3.8
1996,Bob Tewksbury,SDP,3.8
1996,Mark Clark,NYM,3.7
1996,Darryl Kile,HOU,3.7
1997,Roger Clemens,TOR,10.7
1997,Pedro Martinez,MON,8.5
1997,Curt Schilling,PHI,8.2
1997,Greg Maddux,ATL,8.0
1997,Andy Pettitte,NYY,7.2
1997,Randy Johnson,SEA,7.0
1997,John Smoltz,ATL,6.7
1997,Kevin Brown,FLA,6.5
1997,Mike Mussina,BAL,5.4
1997,Denny Neagle,ATL,5.2
1997,Kevin Appier,KCR,5.2
1997,Andy Benes,STL,5.1
1997,Jeff Fassero,SEA,5.0
1997,David Cone,NYY,4.9
1997,Justin Thompson,DET,4.9
1997,Brad Radke,MIN,4.9
1997,Scott Erickson,BAL,4.7
1997,Matt Morris,STL,4.6
1997,John Burkett,TEX,4.6
1997,Tom Gordon,BOS,4.4
1997,David Wells,NYY,4.3
1997,Darryl Kile,HOU,4.0
1997,Bob Tewksbury,MIN,4.0
1997,Ismael Valdez,LAD,3.9
1997,Wilson Alvarez,N/A,3.8
1997,Pat Hentgen,TOR,3.8
1997,Andy Ashby,SDP,3.8
1997,Shawn Estes,SFG,3.6
1997,Rick Reed,NYM,3.6
1997,Tom Glavine,ATL,3.6
1998,Kevin Brown,SDP,9.6
1998,Curt Schilling,PHI,8.3
1998,Roger Clemens,TOR,8.2
1998,Randy Johnson,N/A,7.6
1998,Greg Maddux,ATL,7.5
1998,Pedro Martinez,BOS,5.7
1998,John Smoltz,ATL,5.2
1998,Jamie Moyer,SEA,5.2
1998,Scott Erickson,BAL,5.2
1998,David Cone,NYY,5.1
1998,Mike Mussina,BAL,5.1
1998,Tom Glavine,ATL,4.8
1998,Al Leiter,NYM,4.8
1998,Aaron Sele,TEX,4.7
1998,Shane Reynolds,HOU,4.5
1998,Kenny Rogers,OAK,4.5
1998,David Wells,NYY,4.4
1998,Chuck Finley,ANA,4.4
1998,Kerry Wood,CHC,4.4
1998,Bartolo Colon,CLE,4.4
1998,Justin Thompson,DET,4.4
1998,Darren Dreifort,LAD,4.2
1998,Brad Radke,MIN,4.2
1998,Mark Clark,CHC,4.1
1998,John Burkett,TEX,4.1
1998,Todd Stottlemyre,N/A,4.1
1998,Chan Ho Park,LAD,3.7
1998,Carlos Perez,N/A,3.7
1998,Brett Tomko,CIN,3.6
1998,Omar Daal,ARI,3.5
1999,Pedro Martinez,BOS,11.6
1999,Randy Johnson,ARI,9.5
1999,Kevin Brown,LAD,7.3
1999,Mike Mussina,BAL,6.0
1999,Shane Reynolds,HOU,6.0
1999,Greg Maddux,ATL,5.6
1999,Kevin Millwood,ATL,5.5
1999,John Smoltz,ATL,5.4
1999,Mike Hampton,HOU,4.9
1999,Aaron Sele,TEX,4.9
1999,Jose Lima,HOU,4.7
1999,Jamie Moyer,SEA,4.6
1999,Jon Lieber,CHC,4.5
1999,Chuck Finley,ANA,4.4
1999,Tom Glavine,ATL,4.2
1999,Pedro Astacio,COL,4.2
1999,Gil Heredia,OAK,4.2
1999,Dustin Hermanson,MON,4.0
1999,David Wells,TOR,3.9
1999,Mike Sirotka,CHW,3.8
1999,Freddy Garcia,SEA,3.8
1999,Bartolo Colon,CLE,3.8
1999,Jose Rosado,KCR,3.7
1999,Brad Radke,MIN,3.7
1999,Omar Daal,ARI,3.7
1999,Eric Milton,MIN,3.6
1999,Kenny Rogers,N/A,3.5
1999,David Cone,NYY,3.4
1999,Kris Benson,PIT,3.4
1999,Orlando Hernandez,NYY,3.4
2000,Randy Johnson,ARI,9.6
2000,Pedro Martinez,BOS,9.4
2000,Greg Maddux,ATL,7.2
2000,Kevin Brown,LAD,6.8
2000,Mike Mussina,BAL,6.4
2000,David Wells,TOR,6.2
2000,Javier Vazquez,MON,5.2
2000,Al Leiter,NYM,4.8
2000,Glendon Rusch,NYM,4.7
2000,Tom Glavine,ATL,4.7
2000,Curt Schilling,N/A,4.6
2000,Mike Hampton,NYM,4.6
2000,Livan Hernandez,SFG,4.5
2000,Jon Lieber,CHC,4.4
2000,Chuck Finley,CLE,4.4
2000,Kenny Rogers,TEX,4.3
2000,Aaron Sele,SEA,4.3
2000,Darryl Kile,STL,4.3
2000,Bartolo Colon,CLE,4.3
2000,Dave Burba,CLE,4.2
2000,Brad Radke,MIN,4.2
2000,Kevin Millwood,ATL,4.0
2000,Chan Ho Park,LAD,3.9
2000,Andy Pettitte,NYY,3.9
2000,Kris Benson,PIT,3.8
2000,Roger Clemens,NYY,3.6
2000,Mike Sirotka,CHW,3.6
2000,Tim Hudson,OAK,3.5
2000,Pedro Astacio,COL,3.5
2000,Robert Person,PHI,3.4
2001,Randy Johnson,ARI,10.4
2001,Curt Schilling,ARI,7.2
2001,Mike Mussina,NYY,6.9
2001,Greg Maddux,ATL,6.3
2001,Matt Morris,STL,6.1
2001,Javier Vazquez,MON,6.1
2001,Andy Pettitte,NYY,5.8
2001,Mark Mulder,OAK,5.7
2001,Roger Clemens,NYY,5.6
2001,Freddy Garcia,SEA,5.3
2001,John Burkett,ATL,5.1
2001,Tim Hudson,OAK,5.1
2001,Barry Zito,OAK,4.8
2001,Brad Penny,FLA,4.6
2001,Darryl Kile,STL,4.5
2001,Brad Radke,MIN,4.5
2001,Jon Lieber,CHC,4.4
2001,Russ Ortiz,SFG,4.4
2001,Chan Ho Park,LAD,4.3
2001,Terry Adams,LAD,4.3
2001,Jeff Weaver,DET,4.0
2001,Mark Buehrle,CHW,4.0
2001,Kerry Wood,CHC,3.9
2001,Bartolo Colon,CLE,3.9
2001,Al Leiter,NYM,3.8
2001,Doug Davis,TEX,3.6
2001,Tony Armas,MON,3.6
2001,Kevin Appier,NYM,3.4
2001,Randy Wolf,PHI,3.4
2001,Rick Reed,N/A,3.3
2002,Curt Schilling,ARI,9.3
2002,Randy Johnson,ARI,8.1
2002,Pedro Martinez,BOS,7.4
2002,Roy Halladay,TOR,6.8
2002,Roy Oswalt,HOU,6.2
2002,Odalis Perez,LAD,4.9
2002,A.J. Burnett,FLA,4.8
2002,Tim Hudson,OAK,4.7
2002,Matt Clement,CHC,4.7
2002,Kevin Millwood,ATL,4.7
2002,Derek Lowe,BOS,4.6
2002,Javier Vazquez,MON,4.6
2002,Mike Mussina,NYY,4.5
2002,Barry Zito,OAK,4.5
2002,David Wells,NYY,4.5
2002,Jason Schmidt,SFG,4.5
2002,Bartolo Colon,N/A,4.4
2002,Chuck Finley,N/A,4.4
2002,Roger Clemens,NYY,4.3
2002,Mark Buehrle,CHW,4.3
2002,Jarrod Washburn,ANA,4.2
2002,Matt Morris,STL,4.2
2002,Jeff Weaver,N/A,4.1
2002,Mark Redman,DET,4.0
2002,Greg Maddux,ATL,4.0
2002,Brian Lawrence,SDP,3.9
2002,Mark Mulder,OAK,3.9
2002,Randy Wolf,PHI,3.9
2002,Jamie Moyer,SEA,3.8
2002,Ben Sheets,MIL,3.8
2003,Mark Prior,CHC,7.8
2003,Pedro Martinez,BOS,7.4
2003,Roy Halladay,TOR,7.0
2003,Esteban Loaiza,CHW,6.9
2003,Jason Schmidt,SFG,6.6
2003,Mike Mussina,NYY,6.1
2003,Kevin Brown,LAD,6.1
2003,Javier Vazquez,MON,6.0
2003,Tim Hudson,OAK,5.8
2003,Curt Schilling,ARI,5.6
2003,Andy Pettitte,NYY,5.1
2003,Bartolo Colon,CHW,4.7
2003,Carlos Zambrano,CHC,4.7
2003,Kevin Millwood,PHI,4.7
2003,Mark Mulder,OAK,4.5
2003,Woody Williams,STL,4.5
2003,Roger Clemens,NYY,4.5
2003,Barry Zito,OAK,4.4
2003,Sidney Ponson,N/A,4.4
2003,Livan Hernandez,MON,4.4
2003,Brandon Webb,ARI,4.3
2003,Mark Buehrle,CHW,4.3
2003,Miguel Batista,ARI,4.3
2003,Kerry Wood,CHC,4.2
2003,Mark Redman,FLA,4.2
2003,John Thomson,TEX,3.9
2003,Jamie Moyer,SEA,3.8
2003,David Wells,NYY,3.8
2003,Ben Sheets,MIL,3.8
2003,Tim Wakefield,BOS,3.6
2004,Randy Johnson,ARI,9.6
2004,Ben Sheets,MIL,8.0
2004,Johan Santana,MIN,6.8
2004,Roy Oswalt,HOU,6.6
2004,Curt Schilling,BOS,6.5
2004,Jason Schmidt,SFG,6.4
2004,Roger Clemens,HOU,5.7
2004,Brad Radke,MIN,5.0
2004,Pedro Martinez,BOS,4.9
2004,Freddy Garcia,N/A,4.8
2004,Carlos Zambrano,CHC,4.7
2004,Tim Hudson,OAK,4.6
2004,Oliver Pérez,PIT,4.5
2004,Mark Buehrle,CHW,4.5
2004,Carl Pavano,FLA,4.5
2004,Jaret Wright,ATL,4.5
2004,Doug Davis,MIL,4.4
2004,Livan Hernandez,MON,4.4
2004,Jeff Weaver,LAD,4.3
2004,Kelvim Escobar,ANA,4.2
2004,Rich Harden,OAK,4.2
2004,Jake Peavy,SDP,4.1
2004,Kris Benson,N/A,4.0
2004,Jon Lieber,NYY,3.5
2004,Ryan Drese,TEX,3.4
2004,Bronson Arroyo,BOS,3.3
2004,Kenny Rogers,TEX,3.2
2004,John Thomson,ATL,3.2
2004,John Lackey,ANA,3.1
2004,David Wells,SDP,3.1
2005,Johan Santana,MIN,7.1
2005,Dontrelle Willis,FLA,6.5
2005,Chris Carpenter,STL,6.3
2005,Pedro Martinez,NYM,6.1
2005,Roy Oswalt,HOU,6.1
2005,Roger Clemens,HOU,6.0
2005,Mark Buehrle,CHW,5.9
2005,Andy Pettitte,HOU,5.8
2005,Jake Peavy,SDP,5.4
2005,John Lackey,LAA,5.3
2005,John Smoltz,ATL,5.2
2005,A.J. Burnett,FLA,5.0
2005,Brandon Webb,ARI,4.8
2005,Esteban Loaiza,WSN,4.7
2005,Aaron Harang,CIN,4.6
2005,John Patterson,WSN,4.3
2005,Josh Beckett,FLA,4.2
2005,Carlos Zambrano,CHC,4.2
2005,Randy Johnson,NYY,4.1
2005,Bartolo Colon,LAA,4.1
2005,Freddy Garcia,CHW,4.0
2005,Cliff Lee,CLE,3.8
2005,Dan Haren,OAK,3.7
2005,Tom Glavine,NYM,3.7
2005,Doug Davis,MIL,3.7
2005,Josh Towers,TOR,3.6
2005,Scott Kazmir,TBD,3.6
2005,Cory Lidle,PHI,3.6
2005,CC Sabathia,CLE,3.6
2005,Noah Lowry,SFG,3.5
2006,Johan Santana,MIN,6.7
2006,Brandon Webb,ARI,6.5
2006,Roy Oswalt,HOU,6.1
2006,Aaron Harang,CIN,5.7
2006,Jeremy Bonderman,DET,5.6
2006,John Smoltz,ATL,5.5
2006,John Lackey,LAA,5.3
2006,Mike Mussina,NYY,5.2
2006,Roy Halladay,TOR,5.1
2006,CC Sabathia,CLE,5.0
2006,Chris Carpenter,STL,5.0
2006,Javier Vazquez,CHW,4.7
2006,Erik Bedard,BAL,4.6
2006,Bronson Arroyo,CIN,4.6
2006,Curt Schilling,BOS,4.6
2006,Jake Peavy,SDP,4.4
2006,Derek Lowe,LAD,4.4
2006,Greg Maddux,N/A,4.3
2006,Kevin Millwood,TEX,4.3
2006,Jason Jennings,COL,4.2
2006,Jose Contreras,CHW,4.0
2006,Chris Capuano,MIL,4.0
2006,Kelvim Escobar,LAA,4.0
2006,Carlos Zambrano,CHC,3.9
2006,Dan Haren,OAK,3.8
2006,Jason Schmidt,SFG,3.8
2006,Dave Bush,MIL,3.8
2006,Chien-Ming Wang,NYY,3.8
2006,Matt Cain,SFG,3.8
2006,Aaron Cook,COL,3.6
2007,Jake Peavy,SDP,6.7
2007,CC Sabathia,CLE,6.4
2007,Brandon Webb,ARI,6.2
2007,Josh Beckett,BOS,5.7
2007,John Smoltz,ATL,5.5
2007,Aaron Harang,CIN,5.4
2007,Joe Blanton,OAK,5.3
2007,Roy Halladay,TOR,5.1
2007,John Lackey,LAA,5.0
2007,Erik Bedard,BAL,5.0
2007,Roy Oswalt,HOU,4.9
2007,Tim Hudson,ATL,4.9
2007,Scott Kazmir,TBD,4.8
2007,Kelvim Escobar,LAA,4.8
2007,Javier Vazquez,CHW,4.8
2007,Dan Haren,OAK,4.7
2007,Brad Penny,LAD,4.4
2007,Chris Young,SDP,4.3
2007,Matt Cain,SFG,4.1
2007,Andy Pettitte,NYY,4.0
2007,James Shields,TBD,4.0
2007,Johan Santana,MIN,4.0
2007,Cole Hamels,PHI,3.9
2007,Greg Maddux,SDP,3.9
2007,Ted Lilly,CHC,3.8
2007,Chien-Ming Wang,NYY,3.7
2007,Gil Meche,KCR,3.7
2007,Jeff Francis,COL,3.7
2007,Adam Wainwright,STL,3.7
2007,Justin Verlander,DET,3.7
2008,CC Sabathia,N/A,7.3
2008,Tim Lincecum,SFG,7.1
2008,Cliff Lee,CLE,6.7
2008,Roy Halladay,TOR,6.7
2008,Dan Haren,ARI,6.1
2008,Brandon Webb,ARI,5.5
2008,Ervin Santana,LAA,5.3
2008,Johan Santana,NYM,5.2
2008,A.J. Burnett,TOR,5.0
2008,John Danks,CHW,4.9
2008,Ryan Dempster,CHC,4.8
2008,Ben Sheets,MIL,4.8
2008,Javier Vazquez,CHW,4.8
2008,Aaron Cook,COL,4.7
2008,Cole Hamels,PHI,4.6
2008,Josh Beckett,BOS,4.3
2008,Derek Lowe,LAD,4.3
2008,Jon Lester,BOS,4.3
2008,Mark Buehrle,CHW,4.2
2008,Ricky Nolasco,FLA,4.2
2008,Ubaldo Jiménez,COL,4.2
2008,Gil Meche,KCR,4.2
2008,Zack Greinke,KCR,4.2
2008,James Shields,TBR,4.1
2008,Chad Billingsley,LAD,3.9
2008,Andy Sonnanstine,TBR,3.9
2008,Edinson Volquez,CIN,3.7
2008,Matt Cain,SFG,3.7
2008,Roy Oswalt,HOU,3.7
2008,Mike Mussina,NYY,3.6
2009,Zack Greinke,KCR,8.7
2009,Justin Verlander,DET,8.4
2009,Tim Lincecum,SFG,7.6
2009,Félix Hernández,SEA,6.9
2009,Roy Halladay,TOR,6.8
2009,Cliff Lee,N/A,6.4
2009,Javier Vazquez,ATL,5.9
2009,CC Sabathia,NYY,5.8
2009,Josh Johnson,FLA,5.5
2009,Jon Lester,BOS,5.4
2009,Ubaldo Jiménez,COL,5.3
2009,Dan Haren,ARI,5.3
2009,Adam Wainwright,STL,5.3
2009,Chris Carpenter,STL,5.2
2009,Joel Pineiro,STL,4.3
2009,Josh Beckett,BOS,4.2
2009,Clayton Kershaw,LAD,4.1
2009,Wandy Rodriguez,HOU,4.1
2009,Ricky Nolasco,FLA,4.1
2009,Gavin Floyd,CHW,4.0
2009,Jered Weaver,LAA,3.8
2009,Paul Maholm,PIT,3.8
2009,Cole Hamels,PHI,3.8
2009,Carlos Zambrano,CHC,3.8
2009,Ted Lilly,CHC,3.7
2009,Edwin Jackson,DET,3.7
2009,Brett Anderson,OAK,3.7
2009,Ryan Dempster,CHC,3.6
2009,Jair Jurrjens,ATL,3.5
2009,Johan Santana,NYM,3.5
2010,Cliff Lee,N/A,7.3
2010,Justin Verlander,DET,6.7
2010,Félix Hernández,SEA,6.7
2010,Roy Halladay,PHI,6.2
2010,Josh Johnson,FLA,6.0
2010,Ubaldo Jiménez,COL,6.0
2010,Jered Weaver,LAA,5.9
2010,Francisco Liriano,MIN,5.6
2010,CC Sabathia,NYY,5.5
2010,Adam Wainwright,STL,5.1
2010,Zack Greinke,KCR,4.9
2010,Jon Lester,BOS,4.9
2010,Colby Lewis,TEX,4.8
2010,Clayton Kershaw,LAD,4.6
2010,Roy Oswalt,N/A,4.4
2010,John Danks,CHW,4.3
2010,Tim Lincecum,SFG,4.3
2010,David Price,TBR,4.3
2010,Hiroki Kuroda,LAD,4.2
2010,Mat Latos,SDP,4.2
2010,Chad Billingsley,LAD,4.2
2010,C.J. Wilson,TEX,4.2
2010,Aníbal Sánchez,FLA,4.1
2010,Gavin Floyd,CHW,4.1
2010,Max Scherzer,DET,4.0
2010,Matt Cain,SFG,4.0
2010,Brett Myers,HOU,3.9
2010,Mark Buehrle,CHW,3.8
2010,Yovani Gallardo,MIL,3.7
2010,Dan Haren,N/A,3.7
2011,Roy Halladay,PHI,8.7
2011,Clayton Kershaw,LAD,7.3
2011,Cliff Lee,PHI,7.1
2011,Justin Verlander,DET,6.5
2011,Dan Haren,LAA,5.9
2011,CC Sabathia,NYY,5.8
2011,Jered Weaver,LAA,5.4
2011,Doug Fister,N/A,5.4
2011,Félix Hernández,SEA,5.3
2011,Cole Hamels,PHI,5.1
2011,C.J. Wilson,TEX,5.1
2011,Justin Masterson,CLE,5.1
2011,James Shields,TBR,4.8
2011,David Price,TBR,4.8
2011,Matt Garza,CHC,4.7
2011,Matt Cain,SFG,4.6
2011,Brandon McCarthy,OAK,4.5
2011,Chris Carpenter,STL,4.5
2011,Ian Kennedy,ARI,4.4
2011,Madison Bumgarner,SFG,4.4
2011,Daniel Hudson,ARI,4.2
2011,Mat Latos,SDP,4.1
2011,Matt Harrison,TEX,4.0
2011,Josh Beckett,BOS,3.8
2011,Aníbal Sánchez,FLA,3.7
2011,Michael Pineda,SEA,3.5
2011,Tim Lincecum,SFG,3.5
2011,Alexi Ogando,TEX,3.5
2011,Javier Vazquez,FLA,3.4
2011,Edwin Jackson,N/A,3.4
2012,Justin Verlander,DET,6.9
2012,Félix Hernández,SEA,6.6
2012,Clayton Kershaw,LAD,6.1
2012,Gio González,WSN,5.0
2012,Cliff Lee,PHI,5.0
2012,Zack Greinke,N/A,4.8
2012,R.A. Dickey,NYM,4.7
2012,Yu Darvish,TEX,4.7
2012,Chris Sale,CHW,4.7
2012,Cole Hamels,PHI,4.6
2012,Max Scherzer,DET,4.5
2012,David Price,TBR,4.3
2012,Johnny Cueto,CIN,4.3
2012,Jake Peavy,CHW,4.3
2012,CC Sabathia,NYY,4.1
2012,Wade Miley,ARI,3.9
2012,Adam Wainwright,STL,3.9
2012,James Shields,TBR,3.8
2012,Jarrod Parker,OAK,3.7
2012,Matt Harrison,TEX,3.5
2012,A.J. Burnett,PIT,3.5
2012,Aníbal Sánchez,N/A,3.5
2012,Hiroki Kuroda,NYY,3.4
2012,Jordan Zimmermann,WSN,3.4
2012,Kyle Lohse,STL,3.3
2012,Josh Johnson,MIA,3.3
2012,Matt Cain,SFG,3.2
2012,Tommy Milone,OAK,3.1
2012,Jered Weaver,LAA,3.1
2012,Rick Porcello,DET,3.0
2013,Clayton Kershaw,LAD,7.2
2013,Matt Harvey,NYM,6.9
2013,Adam Wainwright,STL,6.2
2013,Félix Hernández,SEA,6.1
2013,Max Scherzer,DET,5.9
2013,Aníbal Sánchez,DET,5.9
2013,Cliff Lee,PHI,5.6
2013,Mat Latos,CIN,5.1
2013,Justin Verlander,DET,4.8
2013,Chris Sale,CHW,4.8
2013,Cole Hamels,PHI,4.7
2013,Yu Darvish,TEX,4.6
2013,Derek Holland,TEX,4.5
2013,José Fernández,MIA,4.2
2013,James Shields,KCR,4.1
2013,Hisashi Iwakuma,SEA,4.1
2013,Jhoulys Chacín,COL,4.1
2013,Homer Bailey,CIN,4.1
2013,Doug Fister,DET,4.1
2013,Bartolo Colon,OAK,4.0
2013,A.J. Burnett,PIT,4.0
2013,David Price,TBR,4.0
2013,Jordan Zimmermann,WSN,3.8
2013,Hyun Jin Ryu,LAD,3.8
2013,Justin Masterson,CLE,3.7
2013,Madison Bumgarner,SFG,3.5
2013,Ubaldo Jiménez,CLE,3.5
2013,José Quintana,CHW,3.4
2013,Zack Greinke,LAD,3.4
2013,Mike Minor,ATL,3.4
2014,Clayton Kershaw,LAD,7.9
2014,Corey Kluber,CLE,7.2
2014,Phil Hughes,MIN,6.3
2014,Félix Hernández,SEA,5.6
2014,David Price,N/A,5.6
2014,Max Scherzer,DET,5.6
2014,Jordan Zimmermann,WSN,5.4
2014,Jon Lester,N/A,5.4
2014,Chris Sale,CHW,5.0
2014,Adam Wainwright,STL,4.9
2014,José Quintana,CHW,4.9
2014,Stephen Strasburg,WSN,4.5
2014,Zack Greinke,LAD,4.5
2014,Cole Hamels,PHI,4.5
2014,Jeff Samardzija,N/A,4.4
2014,Johnny Cueto,CIN,4.4
2014,Garrett Richards,LAA,4.3
2014,Mark Buehrle,TOR,3.7
2014,Madison Bumgarner,SFG,3.6
2014,Lance Lynn,STL,3.6
2014,Dallas Keuchel,HOU,3.5
2014,Sonny Gray,OAK,3.5
2014,Julio Teheran,ATL,3.4
2014,James Shields,KCR,3.4
2014,Scott Kazmir,OAK,3.4
2014,Nathan Eovaldi,MIA,3.3
2014,Tanner Roark,WSN,3.3
2014,Ervin Santana,ATL,3.2
2014,Justin Verlander,DET,3.2
2014,Hiroki Kuroda,NYY,3.1
2015,Clayton Kershaw,LAD,8.6
2015,Jake Arrieta,CHC,7.0
2015,David Price,N/A,6.7
2015,Max Scherzer,WSN,6.5
2015,Dallas Keuchel,HOU,5.7
2015,Chris Sale,CHW,5.6
2015,Corey Kluber,CLE,5.6
2015,Zack Greinke,LAD,5.3
2015,Chris Archer,TBR,5.1
2015,Gerrit Cole,PIT,5.1
2015,Madison Bumgarner,SFG,4.9
2015,Jon Lester,CHC,4.9
2015,Jacob deGrom,NYM,4.9
2015,Carlos Carrasco,CLE,4.8
2015,Cole Hamels,N/A,4.5
2015,José Quintana,CHW,4.3
2015,Johnny Cueto,N/A,4.1
2015,Matt Harvey,NYM,4.0
2015,Tyson Ross,SDP,4.0
2015,Sonny Gray,OAK,3.9
2015,Shelby Miller,ATL,3.7
2015,Gio González,WSN,3.7
2015,Collin McHugh,HOU,3.5
2015,John Lackey,STL,3.5
2015,Carlos Martinez,STL,3.3
2015,Francisco Liriano,PIT,3.3
2015,Kyle Hendricks,CHC,3.2
2015,Anthony DeSclafani,CIN,3.1
2015,J.A. Happ,N/A,3.1
2015,Jordan Zimmermann,WSN,3.1
2016,José Fernández,MIA,6.3
2016,Noah Syndergaard,NYM,6.0
2016,Max Scherzer,WSN,5.6
2016,Justin Verlander,DET,5.4
2016,Chris Sale,CHW,5.3
2016,Rick Porcello,BOS,5.1
2016,José Quintana,CHW,4.9
2016,Corey Kluber,CLE,4.9
2016,Johnny Cueto,SFG,4.9
2016,Masahiro Tanaka,NYY,4.7
2016,David Price,BOS,4.4
2016,Madison Bumgarner,SFG,4.3
2016,Jon Lester,CHC,4.2
2016,Kyle Hendricks,CHC,4.2
2016,Jon Gray,COL,3.6
2016,Ervin Santana,MIN,3.5
2016,Aaron Sanchez,TOR,3.5
2016,Jake Arrieta,CHC,3.5
2016,Jeremy Hellickson,PHI,3.4
2016,Cole Hamels,TEX,3.3
2016,Marcus Stroman,TOR,3.3
2016,Tanner Roark,WSN,3.3
2016,Robbie Ray,ARI,3.3
2016,Michael Pineda,NYY,3.2
2016,Carlos Martinez,STL,3.2
2016,Kevin Gausman,BAL,3.1
2016,Julio Teheran,ATL,3.0
2016,Jerad Eickhoff,PHI,3.0
2016,Drew Pomeranz,N/A,3.0
2016,Chris Archer,TBR,2.9
2017,Chris Sale,BOS,7.6
2017,Corey Kluber,CLE,7.2
2017,Max Scherzer,WSN,6.4
2017,Stephen Strasburg,WSN,5.9
2017,Luis Severino,NYY,5.6
2017,Carlos Carrasco,CLE,5.4
2017,Zack Greinke,ARI,4.9
2017,Jimmy Nelson,MIL,4.8
2017,Aaron Nola,PHI,4.5
2017,Chris Archer,TBR,4.5
2017,Clayton Kershaw,LAD,4.3
2017,Justin Verlander,N/A,4.1
2017,Jacob deGrom,NYM,4.1
2017,José Quintana,N/A,4.0
2017,Gio González,WSN,3.8
2017,Jeff Samardzija,SFG,3.8
2017,Yu Darvish,N/A,3.7
2017,Michael Fulmer,DET,3.6
2017,Marcus Stroman,TOR,3.4
2017,Gerrit Cole,PIT,3.4
2017,Robbie Ray,ARI,3.3
2017,Carlos Martinez,STL,3.2
2017,Michael Wacha,STL,3.1
2017,Patrick Corbin,ARI,3.0
2017,Drew Pomeranz,BOS,3.0
2017,Mike Leake,N/A,2.9
2017,Jon Lester,CHC,2.9
2017,Trevor Bauer,CLE,2.8
2017,Dylan Bundy,BAL,2.8
2017,Tanner Roark,WSN,2.8
2018,Jacob deGrom,NYM,9.0
2018,Max Scherzer,WSN,7.5
2018,Justin Verlander,HOU,6.6
2018,Gerrit Cole,HOU,5.9
2018,Trevor Bauer,CLE,5.8
2018,Patrick Corbin,ARI,5.8
2018,Aaron Nola,PHI,5.5
2018,Corey Kluber,CLE,5.5
2018,Luis Severino,NYY,5.4
2018,Carlos Carrasco,CLE,5.2
2018,Blake Snell,TBR,4.7
2018,Miles Mikolas,STL,4.3
2018,Zack Wheeler,NYM,4.2
2018,Mike Clevinger,CLE,4.2
2018,Germán Márquez,COL,4.1
2018,Kyle Freeland,COL,4.1
2018,Jameson Taillon,PIT,3.9
2018,Mike Foltynewicz,ATL,3.8
2018,Marco Gonzales,SEA,3.5
2018,Kyle Hendricks,CHC,3.4
2018,Dallas Keuchel,HOU,3.2
2018,José Berríos,MIN,3.1
2018,J.A. Happ,N/A,3.0
2018,Andrew Heaney,LAA,2.9
2018,Nick Pivetta,PHI,2.8
2018,Charlie Morton,HOU,2.8
2018,Zack Greinke,ARI,2.7
2018,Trevor Williams,PIT,2.7
2018,Kyle Gibson,MIN,2.6
2018,Jake Odorizzi,MIN,2.5
2019,Gerrit Cole,HOU,7.5
2019,Jacob deGrom,NYM,6.9
2019,Lance Lynn,TEX,6.8
2019,Max Scherzer,WSN,6.5
2019,Justin Verlander,HOU,6.4
2019,Charlie Morton,TBR,6.0
2019,Stephen Strasburg,WSN,5.6
2019,Shane Bieber,CLE,5.5
2019,Zack Greinke,N/A,5.3
2019,Lucas Giolito,CHW,5.2
2019,Walker Buehler,LAD,5.1
2019,Hyun Jin Ryu,LAD,4.9
2019,Patrick Corbin,WSN,4.7
2019,Jack Flaherty,STL,4.7
2019,Zack Wheeler,NYM,4.6
2019,Sonny Gray,CIN,4.5
2019,José Berríos,MIN,4.4
2019,Noah Syndergaard,NYM,4.3
2019,Luis Castillo,CIN,4.2
2019,Mike Minor,TEX,4.1
2019,Kyle Hendricks,CHC,4.1
2019,Michael Soroka,ATL,4.0
2019,Marcus Stroman,N/A,3.8
2019,Eduardo Rodriguez,BOS,3.7
2019,Marco Gonzales,SEA,3.6
2019,Clayton Kershaw,LAD,3.6
2019,José Quintana,CHC,3.5
2019,Aaron Nola,PHI,3.4
2019,Germán Márquez,COL,3.3
2019,Joe Musgrove,PIT,3.3
2020,Shane Bieber,CLE,3.1
2020,Yu Darvish,CHC,2.9
2020,Jacob deGrom,NYM,2.6
2020,Trevor Bauer,CIN,2.6
2020,Dinelson Lamet,SDP,2.5
2020,Luis Castillo,CIN,2.4
2020,Germán Márquez,COL,2.3
2020,Zack Greinke,HOU,2.2
2020,Dylan Bundy,LAA,2.1
2020,Kenta Maeda,MIN,2.1
2020,Brandon Woodruff,MIL,2.0
2020,Lucas Giolito,CHW,2.0
2020,Framber Valdez,HOU,2.0
2020,Aaron Nola,PHI,2.0
2020,Marco Gonzales,SEA,1.9
2020,Zack Wheeler,PHI,1.9
2020,Hyun Jin Ryu,TOR,1.9
2020,Kyle Hendricks,CHC,1.9
2020,Dallas Keuchel,CHW,1.8
2020,Max Scherzer,WSN,1.8
2020,Lance Lynn,TEX,1.5
2020,Andrew Heaney,LAA,1.5
2020,Carlos Carrasco,CLE,1.5
2020,Zac Gallen,ARI,1.4
2020,Gerrit Cole,NYY,1.4
2020,Zach Davies,SDP,1.4
2020,Chris Bassitt,OAK,1.3
2020,Patrick Corbin,WSN,1.2
2020,Aaron Civale,CLE,1.2
2020,Antonio Senzatela,COL,1.1
2021,Corbin Burnes,MIL,7.5
2021,Zack Wheeler,PHI,7.2
2021,Nathan Eovaldi,BOS,5.7
2021,Walker Buehler,LAD,5.5
2021,Max Scherzer,N/A,5.4
2021,Gerrit Cole,NYY,5.2
2021,Julio Urías,LAD,5.0
2021,Kevin Gausman,SFG,4.8
2021,Brandon Woodruff,MIL,4.7
2021,Charlie Morton,ATL,4.5
2021,Dylan Cease,CHW,4.5
2021,Aaron Nola,PHI,4.4
2021,Sandy Alcantara,MIA,4.3
2021,Lucas Giolito,CHW,4.1
2021,Frankie Montas,OAK,4.0
2021,José Berríos,N/A,4.0
2021,Adam Wainwright,STL,3.9
2021,Robbie Ray,TOR,3.9
2021,Tyler Mahle,CIN,3.9
2021,Luis Castillo,CIN,3.8
2021,Max Fried,ATL,3.7
2021,Marcus Stroman,NYM,3.5
2021,Germán Márquez,COL,3.4
2021,Joe Musgrove,SDP,3.3
2021,Sean Manaea,OAK,3.3
2021,Lance McCullers Jr.,HOU,3.2
2021,Kyle Gibson,N/A,3.1
2021,Wade Miley,CIN,3.0
2021,Anthony DeSclafani,SFG,3.0
2021,Chris Flexen,SEA,3.0
2022,Aaron Nola,PHI,6.3
2022,Carlos Rodón,SFG,6.2
2022,Justin Verlander,HOU,6.0
2022,Sandy Alcantara,MIA,5.7
2022,Kevin Gausman,TOR,5.7
2022,Shohei Ohtani,LAA,5.6
2022,Max Fried,ATL,5.0
2022,Shane Bieber,CLE,4.8
2022,Corbin Burnes,MIL,4.6
2022,Dylan Cease,CHW,4.4
2022,Framber Valdez,HOU,4.4
2022,Logan Webb,SFG,4.2
2022,Zac Gallen,ARI,4.2
2022,Yu Darvish,SDP,4.1
2022,Alek Manoah,TOR,4.1
2022,Tyler Anderson,LAD,4.0
2022,Martín Pérez,TEX,4.0
2022,José Quintana,N/A,4.0
2022,Shane McClanahan,TBR,3.5
2022,Triston McKenzie,CLE,3.4
2022,Joe Musgrove,SDP,3.4
2022,Gerrit Cole,NYY,3.3
2022,Julio Urías,LAD,3.2
2022,Merrill Kelly,ARI,3.2
2022,Logan Gilbert,SEA,3.1
2022,Corey Kluber,TBR,3.0
2022,Adam Wainwright,STL,2.9
2022,Kyle Wright,ATL,2.9
2022,Pablo López,MIA,2.8
2022,Miles Mikolas,STL,2.8
2023,Zack Wheeler,PHI,6.0
2023,Spencer Strider,ATL,5.5
2023,Kevin Gausman,TOR,5.3
2023,Sonny Gray,MIN,5.3
2023,Gerrit Cole,NYY,5.2
2023,Zac Gallen,ARI,5.2
2023,Justin Steele,CHC,4.9
2023,Logan Webb,SFG,4.9
2023,Zach Eflin,TBR,4.8
2023,Pablo López,MIN,4.5
2023,Framber Valdez,HOU,4.4
2023,Jordan Montgomery,N/A,4.3
2023,Blake Snell,SDP,4.1
2023,George Kirby,SEA,4.1
2023,Aaron Nola,PHI,3.9
2023,Dylan Cease,CHW,3.7
2023,Jesús Luzardo,MIA,3.7
2023,Kyle Bradish,BAL,3.7
2023,Corbin Burnes,MIL,3.5
2023,Luis Castillo,SEA,3.5
2023,Kodai Senga,NYM,3.4
2023,Justin Verlander,N/A,3.3
2023,Mitch Keller,PIT,3.3
2023,Logan Gilbert,SEA,3.2
2023,Merrill Kelly,ARI,3.2
2023,Freddy Peralta,MIL,3.0
2023,José Berríos,TOR,3.0
2023,Sandy Alcantara,MIA,2.9
2023,Miles Mikolas,STL,2.8
2023,Charlie Morton,ATL,2.7
